=== [1/5] E0 freeze: headline config, current defaults (unif T=16) ===
Warning: You are sending unauthenticated requests to the HF Hub. Please set a HF_TOKEN to enable higher rate limits and faster downloads.
Loading weights:   0%|          | 0/292 [00:00<?, ?it/s]Loading weights: 100%|██████████| 292/292 [00:00<00:00, 4654.92it/s]
[transformers] Token indices sequence length is longer than the specified maximum sequence length for this model (287644 > 1024). Running this sequence through the model will result in indexing errors
[transformers] `loss_type=None` was set in the config but it is unrecognized. Using the default loss: `ForCausalLMLoss`.
  [ANN s=1024] win 10/281  10.92 win/s  ETA 0.4 min
  [ANN s=1024] win 20/281  11.48 win/s  ETA 0.4 min
  [ANN s=1024] win 30/281  11.68 win/s  ETA 0.4 min
  [ANN s=1024] win 40/281  11.78 win/s  ETA 0.3 min
  [ANN s=1024] win 50/281  11.84 win/s  ETA 0.3 min
  [ANN s=1024] win 60/281  11.88 win/s  ETA 0.3 min
  [ANN s=1024] win 70/281  11.91 win/s  ETA 0.3 min
  [ANN s=1024] win 80/281  11.94 win/s  ETA 0.3 min
  [ANN s=1024] win 90/281  11.95 win/s  ETA 0.3 min
  [ANN s=1024] win 100/281  11.97 win/s  ETA 0.3 min
  [ANN s=1024] win 110/281  11.98 win/s  ETA 0.2 min
  [ANN s=1024] win 120/281  11.99 win/s  ETA 0.2 min
  [ANN s=1024] win 130/281  11.99 win/s  ETA 0.2 min
  [ANN s=1024] win 140/281  12.00 win/s  ETA 0.2 min
  [ANN s=1024] win 150/281  12.01 win/s  ETA 0.2 min
  [ANN s=1024] win 160/281  12.01 win/s  ETA 0.2 min
  [ANN s=1024] win 170/281  12.01 win/s  ETA 0.2 min
  [ANN s=1024] win 180/281  12.02 win/s  ETA 0.1 min
  [ANN s=1024] win 190/281  12.02 win/s  ETA 0.1 min
  [ANN s=1024] win 200/281  12.02 win/s  ETA 0.1 min
  [ANN s=1024] win 210/281  12.03 win/s  ETA 0.1 min
  [ANN s=1024] win 220/281  12.03 win/s  ETA 0.1 min
  [ANN s=1024] win 230/281  12.03 win/s  ETA 0.1 min
  [ANN s=1024] win 240/281  12.03 win/s  ETA 0.1 min
  [ANN s=1024] win 250/281  12.03 win/s  ETA 0.0 min
  [ANN s=1024] win 260/281  12.03 win/s  ETA 0.0 min
  [ANN s=1024] win 270/281  12.03 win/s  ETA 0.0 min
  [ANN s=1024] win 280/281  12.03 win/s  ETA 0.0 min
  [ANN s=1024] win 281/281  12.03 win/s  ETA 0.0 min
ANN (gpt2-medium) perplexity = 21.7058  [eval=sliding, ctx=1024, stride=1024]
marked 24 GELU activations; converting (backend=mbe_pasn) ...
marked 24 attention blocks (QK^T / softmax / attn*V); Stage 2
  fitting conversion primitives on cuda:0
  fitting transformer.h.0.ln_1             (layernorm)
    bank  0/ 3 unreachable      (outside (0.5, 2.0))
    bank  1/ 3 unreachable      (outside (0.5, 2.0))
    bank  2/ 3 mag s=+1 e=-1    N=1 T=16 mse=6.47e-06
    bank  3/ 3 mag s=+1 e=0     N=1 T=16 mse=3.15e-06
    bank  1 tied scale=+0.02387 resid=5.7e-08
    bank  2 tied scale=+0.04774 resid=5.7e-08
    bank  3 tied scale=+0.09547 resid=5.7e-08
    bank  4 tied scale=+0.1909 resid=5.7e-08
    bank  5 tied scale=+0.3819 resid=5.7e-08
    bank  6 tied scale=+0.7638 resid=5.7e-08
    bank  7 tied scale=+1.528 resid=5.7e-08
    bank  8 tied scale=+3.055 resid=5.7e-08
    bank  9 tied scale=+6.11 resid=5.7e-08
    bank 10 tied scale=+12.22 resid=5.7e-08
    bank 11 tied scale=+24.44 resid=5.7e-08
    bank 12 tied scale=+48.88 resid=5.7e-08
    bank 13 tied scale=+97.76 resid=5.7e-08
    bank 14 tied scale=+195.5 resid=5.7e-08
    bank 15 tied scale=+391 resid=5.7e-08
    bank 16 tied scale=+782.1 resid=5.7e-08
    bank 17 tied scale=+1564 resid=5.7e-08
    bank 18 tied scale=+3128 resid=5.7e-08
    bank 19 tied scale=+6257 resid=5.7e-08
    bank  1 tied scale=+0.02387 resid=5.7e-08
    bank  2 tied scale=+0.04774 resid=5.7e-08
    bank  3 tied scale=+0.09547 resid=5.7e-08
    bank  4 tied scale=+0.1909 resid=5.7e-08
    bank  5 tied scale=+0.3819 resid=5.7e-08
    bank  6 tied scale=+0.7638 resid=5.7e-08
    bank  7 tied scale=+1.528 resid=5.7e-08
    bank  8 tied scale=+3.055 resid=5.7e-08
    bank  9 tied scale=+6.11 resid=5.7e-08
    bank 10 tied scale=+12.22 resid=5.7e-08
  convert transformer.h.0.ln_1   layernorm  range=[-2.56,2.65]
  fitting transformer.h.0.attn.qk_matmul   (matmul)
    bank  1 tied scale=+0.02387 resid=5.7e-08
    bank  2 tied scale=+0.04774 resid=5.7e-08
    bank  3 tied scale=+0.09547 resid=5.7e-08
    bank  4 tied scale=+0.1909 resid=5.7e-08
    bank  5 tied scale=+0.3819 resid=5.7e-08
    bank  6 tied scale=+0.7638 resid=5.7e-08
    bank  7 tied scale=+1.528 resid=5.7e-08
    bank  8 tied scale=+3.055 resid=5.7e-08
    bank  9 tied scale=+6.11 resid=5.7e-08
    bank  1 tied scale=+0.02387 resid=5.7e-08
    bank  2 tied scale=+0.04774 resid=5.7e-08
    bank  3 tied scale=+0.09547 resid=5.7e-08
    bank  4 tied scale=+0.1909 resid=5.7e-08
    bank  5 tied scale=+0.3819 resid=5.7e-08
    bank  6 tied scale=+0.7638 resid=5.7e-08
    bank  7 tied scale=+1.528 resid=5.7e-08
    bank  8 tied scale=+3.055 resid=5.7e-08
    bank  9 tied scale=+6.11 resid=5.7e-08
  convert transformer.h.0.attn.qk_matmul matmul     range=[-5.06,5.23], [-5.71,6.2]
  fitting transformer.h.0.attn.attn_softmax (softmax)
    bank  0/ 3 near0 s=+1       N=1 T=16 mse=1.23e-07
    bank  1/ 3 mag s=+1 e=-3    N=1 T=16 mse=1.66e-07
    bank  2/ 3 mag s=+1 e=-2    N=1 T=16 mse=6.12e-07
    bank  3/ 3 mag s=+1 e=-1    N=2 T=16 mse=3.75e-07
    bank  0/ 6 near0 s=+1       N=1 T=16 mse=1.31e-08
    bank  1/ 6 mag s=+1 e=-7    N=1 T=16 mse=1.60e-08
    bank  2/ 6 mag s=+1 e=-6    N=1 T=16 mse=4.60e-08
    bank  3/ 6 mag s=+1 e=-5    N=1 T=16 mse=1.19e-07
    bank  4/ 6 mag s=+1 e=-4    N=1 T=16 mse=2.81e-07
    bank  5/ 6 mag s=+1 e=-3    N=1 T=16 mse=1.52e-06
    bank  6/ 6 mag s=+1 e=-2    N=1 T=16 mse=6.45e-07
    bank  1 tied scale=+0.02387 resid=5.7e-08
    bank  2 tied scale=+0.04774 resid=5.7e-08
    bank  3 tied scale=+0.09547 resid=5.7e-08
    bank  4 tied scale=+0.1909 resid=5.7e-08
    bank  5 tied scale=+0.3819 resid=5.7e-08
    bank  6 tied scale=+0.7638 resid=5.7e-08
  convert transformer.h.0.attn.attn_softmax softmax    range=[-3.4e+38,9.48]
  fitting transformer.h.0.attn.av_matmul   (matmul)
    bank  1 tied scale=+0.02387 resid=5.7e-08
    bank  2 tied scale=+0.04774 resid=5.7e-08
    bank  3 tied scale=+0.09547 resid=5.7e-08
    bank  4 tied scale=+0.1909 resid=5.7e-08
    bank  5 tied scale=+0.3819 resid=5.7e-08
    bank  6 tied scale=+0.7638 resid=5.7e-08
    bank  7 tied scale=+1.528 resid=5.7e-08
    bank  1 tied scale=+0.02387 resid=5.7e-08
    bank  2 tied scale=+0.04774 resid=5.7e-08
    bank  3 tied scale=+0.09547 resid=5.7e-08
    bank  4 tied scale=+0.1909 resid=5.7e-08
    bank  5 tied scale=+0.3819 resid=5.7e-08
    bank  6 tied scale=+0.7638 resid=5.7e-08
  convert transformer.h.0.attn.av_matmul matmul     range=[0,1], [-0.651,0.638]
  reuse   transformer.h.0.ln_2             (layernorm: mbe_pasn)
  fitting transformer.h.0.mlp.act          (activation)
    bank  0/21 near0 s=-1       N=1 T=16 mse=2.63e-08
    bank  1/21 near0 s=+1       N=1 T=16 mse=6.12e-08
    bank  2/21 mag s=-1 e=-3    N=1 T=16 mse=1.46e-08
    bank  3/21 mag s=-1 e=-2    N=1 T=16 mse=6.15e-08
    bank  4/21 mag s=-1 e=-1    N=1 T=16 mse=6.72e-08
    bank  5/21 mag s=-1 e=0     N=1 T=16 mse=1.72e-06
    bank  6/21 mag s=-1 e=1     N=1 T=16 mse=5.25e-07
    bank  7/21 mag s=-1 e=2     N=1 T=16 mse=1.43e-11
    bank  8/21 mag s=-1 e=3     N=1 T=16 mse=0.00e+00
    bank  9/21 mag s=-1 e=4     N=1 T=16 mse=0.00e+00
    bank 10/21 mag s=-1 e=5     N=1 T=16 mse=0.00e+00
    bank 11/21 unreachable      (outside (-39.13423042297363, 82.28855018615722))
    bank 12/21 mag s=+1 e=-3    N=1 T=16 mse=9.75e-08
    bank 13/21 mag s=+1 e=-2    N=1 T=16 mse=4.77e-07
    bank 14/21 mag s=+1 e=-1    N=1 T=16 mse=4.60e-06
    bank 15/21 mag s=+1 e=0     N=2 T=16 mse=1.68e-06
    bank 16/21 mag s=+1 e=1     N=2 T=16 mse=1.02e-05
    bank 17/21 mag s=+1 e=2     N=3 T=16 mse=4.41e-06
    bank 18/21 mag s=+1 e=3     N=3 T=16 mse=2.22e-05
    bank 19/21 mag s=+1 e=4     N=3 T=16 mse=7.21e-05
    bank 20/21 mag s=+1 e=5     N=3 T=16 mse=2.32e-04
    bank 21/21 mag s=+1 e=6     N=3 T=16 mse=5.97e-04
  convert transformer.h.0.mlp.act activation range=[-14.4,10.4]
  reuse   transformer.h.1.ln_1             (layernorm: mbe_pasn)
  fitting transformer.h.1.attn.qk_matmul   (matmul)
    bank  1 tied scale=+0.02387 resid=5.7e-08
    bank  2 tied scale=+0.04774 resid=5.7e-08
    bank  3 tied scale=+0.09547 resid=5.7e-08
    bank  4 tied scale=+0.1909 resid=5.7e-08
    bank  5 tied scale=+0.3819 resid=5.7e-08
    bank  6 tied scale=+0.7638 resid=5.7e-08
    bank  7 tied scale=+1.528 resid=5.7e-08
    bank  8 tied scale=+3.055 resid=5.7e-08
    bank  9 tied scale=+6.11 resid=5.7e-08
    bank  1 tied scale=+0.02387 resid=5.7e-08
    bank  2 tied scale=+0.04774 resid=5.7e-08
    bank  3 tied scale=+0.09547 resid=5.7e-08
    bank  4 tied scale=+0.1909 resid=5.7e-08
    bank  5 tied scale=+0.3819 resid=5.7e-08
    bank  6 tied scale=+0.7638 resid=5.7e-08
    bank  7 tied scale=+1.528 resid=5.7e-08
    bank  8 tied scale=+3.055 resid=5.7e-08
    bank  9 tied scale=+6.11 resid=5.7e-08
  convert transformer.h.1.attn.qk_matmul matmul     range=[-5.72,5.93], [-5.96,6.82]
  fitting transformer.h.1.attn.attn_softmax (softmax)
    bank  0/ 3 near0 s=+1       N=1 T=16 mse=1.23e-07
    bank  1/ 3 mag s=+1 e=-3    N=1 T=16 mse=1.66e-07
    bank  2/ 3 mag s=+1 e=-2    N=1 T=16 mse=6.12e-07
    bank  3/ 3 mag s=+1 e=-1    N=2 T=16 mse=3.75e-07
    bank  0/ 6 near0 s=+1       N=1 T=16 mse=1.31e-08
    bank  1/ 6 mag s=+1 e=-7    N=1 T=16 mse=1.60e-08
    bank  2/ 6 mag s=+1 e=-6    N=1 T=16 mse=4.60e-08
    bank  3/ 6 mag s=+1 e=-5    N=1 T=16 mse=1.19e-07
    bank  4/ 6 mag s=+1 e=-4    N=1 T=16 mse=2.81e-07
    bank  5/ 6 mag s=+1 e=-3    N=1 T=16 mse=1.52e-06
    bank  6/ 6 mag s=+1 e=-2    N=1 T=16 mse=6.45e-07
    bank  1 tied scale=+0.02387 resid=5.7e-08
    bank  2 tied scale=+0.04774 resid=5.7e-08
    bank  3 tied scale=+0.09547 resid=5.7e-08
    bank  4 tied scale=+0.1909 resid=5.7e-08
    bank  5 tied scale=+0.3819 resid=5.7e-08
    bank  6 tied scale=+0.7638 resid=5.7e-08
  convert transformer.h.1.attn.attn_softmax softmax    range=[-3.4e+38,13.6]
  fitting transformer.h.1.attn.av_matmul   (matmul)
    bank  1 tied scale=+0.02387 resid=5.7e-08
    bank  2 tied scale=+0.04774 resid=5.7e-08
    bank  3 tied scale=+0.09547 resid=5.7e-08
    bank  4 tied scale=+0.1909 resid=5.7e-08
    bank  5 tied scale=+0.3819 resid=5.7e-08
    bank  6 tied scale=+0.7638 resid=5.7e-08
    bank  7 tied scale=+1.528 resid=5.7e-08
    bank  1 tied scale=+0.02387 resid=5.7e-08
    bank  2 tied scale=+0.04774 resid=5.7e-08
    bank  3 tied scale=+0.09547 resid=5.7e-08
    bank  4 tied scale=+0.1909 resid=5.7e-08
    bank  5 tied scale=+0.3819 resid=5.7e-08
    bank  6 tied scale=+0.7638 resid=5.7e-08
    bank  7 tied scale=+1.528 resid=5.7e-08
    bank  8 tied scale=+3.055 resid=5.7e-08
    bank  9 tied scale=+6.11 resid=5.7e-08
  convert transformer.h.1.attn.av_matmul matmul     range=[0,1], [-4.7,4.86]
  reuse   transformer.h.1.ln_2             (layernorm: mbe_pasn)
  reuse   transformer.h.1.mlp.act          (activation: gelu_tanh)
  reuse   transformer.h.2.ln_1             (layernorm: mbe_pasn)
  fitting transformer.h.2.attn.qk_matmul   (matmul)
    bank  1 tied scale=+0.02387 resid=5.7e-08
    bank  2 tied scale=+0.04774 resid=5.7e-08
    bank  3 tied scale=+0.09547 resid=5.7e-08
    bank  4 tied scale=+0.1909 resid=5.7e-08
    bank  5 tied scale=+0.3819 resid=5.7e-08
    bank  6 tied scale=+0.7638 resid=5.7e-08
    bank  7 tied scale=+1.528 resid=5.7e-08
    bank  8 tied scale=+3.055 resid=5.7e-08
    bank  9 tied scale=+6.11 resid=5.7e-08
    bank 10 tied scale=+12.22 resid=5.7e-08
    bank  1 tied scale=+0.02387 resid=5.7e-08
    bank  2 tied scale=+0.04774 resid=5.7e-08
    bank  3 tied scale=+0.09547 resid=5.7e-08
    bank  4 tied scale=+0.1909 resid=5.7e-08
    bank  5 tied scale=+0.3819 resid=5.7e-08
    bank  6 tied scale=+0.7638 resid=5.7e-08
    bank  7 tied scale=+1.528 resid=5.7e-08
    bank  8 tied scale=+3.055 resid=5.7e-08
    bank  9 tied scale=+6.11 resid=5.7e-08
    bank 10 tied scale=+12.22 resid=5.7e-08
  convert transformer.h.2.attn.qk_matmul matmul     range=[-11.2,11.1], [-14.2,14.4]
  fitting transformer.h.2.attn.attn_softmax (softmax)
    bank  0/ 3 near0 s=+1       N=1 T=16 mse=1.23e-07
    bank  1/ 3 mag s=+1 e=-3    N=1 T=16 mse=1.66e-07
    bank  2/ 3 mag s=+1 e=-2    N=1 T=16 mse=6.12e-07
    bank  3/ 3 mag s=+1 e=-1    N=2 T=16 mse=3.75e-07
    bank  0/ 6 near0 s=+1       N=1 T=16 mse=1.31e-08
    bank  1/ 6 mag s=+1 e=-7    N=1 T=16 mse=1.60e-08
    bank  2/ 6 mag s=+1 e=-6    N=1 T=16 mse=4.60e-08
    bank  3/ 6 mag s=+1 e=-5    N=1 T=16 mse=1.19e-07
    bank  4/ 6 mag s=+1 e=-4    N=1 T=16 mse=2.81e-07
    bank  5/ 6 mag s=+1 e=-3    N=1 T=16 mse=1.52e-06
    bank  6/ 6 mag s=+1 e=-2    N=1 T=16 mse=6.45e-07
    bank  1 tied scale=+0.02387 resid=5.7e-08
    bank  2 tied scale=+0.04774 resid=5.7e-08
    bank  3 tied scale=+0.09547 resid=5.7e-08
    bank  4 tied scale=+0.1909 resid=5.7e-08
    bank  5 tied scale=+0.3819 resid=5.7e-08
    bank  6 tied scale=+0.7638 resid=5.7e-08
  convert transformer.h.2.attn.attn_softmax softmax    range=[-3.4e+38,20.4]
  fitting transformer.h.2.attn.av_matmul   (matmul)
    bank  1 tied scale=+0.02387 resid=5.7e-08
    bank  2 tied scale=+0.04774 resid=5.7e-08
    bank  3 tied scale=+0.09547 resid=5.7e-08
    bank  4 tied scale=+0.1909 resid=5.7e-08
    bank  5 tied scale=+0.3819 resid=5.7e-08
    bank  6 tied scale=+0.7638 resid=5.7e-08
    bank  7 tied scale=+1.528 resid=5.7e-08
    bank  1 tied scale=+0.02387 resid=5.7e-08
    bank  2 tied scale=+0.04774 resid=5.7e-08
    bank  3 tied scale=+0.09547 resid=5.7e-08
    bank  4 tied scale=+0.1909 resid=5.7e-08
    bank  5 tied scale=+0.3819 resid=5.7e-08
    bank  6 tied scale=+0.7638 resid=5.7e-08
    bank  7 tied scale=+1.528 resid=5.7e-08
    bank  8 tied scale=+3.055 resid=5.7e-08
    bank  9 tied scale=+6.11 resid=5.7e-08
  convert transformer.h.2.attn.av_matmul matmul     range=[0,1], [-4.73,7.59]
  reuse   transformer.h.2.ln_2             (layernorm: mbe_pasn)
  reuse   transformer.h.2.mlp.act          (activation: gelu_tanh)
  reuse   transformer.h.3.ln_1             (layernorm: mbe_pasn)
  fitting transformer.h.3.attn.qk_matmul   (matmul)
    bank  1 tied scale=+0.02387 resid=5.7e-08
    bank  2 tied scale=+0.04774 resid=5.7e-08
    bank  3 tied scale=+0.09547 resid=5.7e-08
    bank  4 tied scale=+0.1909 resid=5.7e-08
    bank  5 tied scale=+0.3819 resid=5.7e-08
    bank  6 tied scale=+0.7638 resid=5.7e-08
    bank  7 tied scale=+1.528 resid=5.7e-08
    bank  8 tied scale=+3.055 resid=5.7e-08
    bank  9 tied scale=+6.11 resid=5.7e-08
    bank 10 tied scale=+12.22 resid=5.7e-08
    bank  1 tied scale=+0.02387 resid=5.7e-08
    bank  2 tied scale=+0.04774 resid=5.7e-08
    bank  3 tied scale=+0.09547 resid=5.7e-08
    bank  4 tied scale=+0.1909 resid=5.7e-08
    bank  5 tied scale=+0.3819 resid=5.7e-08
    bank  6 tied scale=+0.7638 resid=5.7e-08
    bank  7 tied scale=+1.528 resid=5.7e-08
    bank  8 tied scale=+3.055 resid=5.7e-08
    bank  9 tied scale=+6.11 resid=5.7e-08
    bank 10 tied scale=+12.22 resid=5.7e-08
    bank 11 tied scale=+24.44 resid=5.7e-08
  convert transformer.h.3.attn.qk_matmul matmul     range=[-14,11.8], [-21.1,22.1]
  fitting transformer.h.3.attn.attn_softmax (softmax)
    bank  0/ 3 near0 s=+1       N=1 T=16 mse=1.23e-07
    bank  1/ 3 mag s=+1 e=-3    N=1 T=16 mse=1.66e-07
    bank  2/ 3 mag s=+1 e=-2    N=1 T=16 mse=6.12e-07
    bank  3/ 3 mag s=+1 e=-1    N=2 T=16 mse=3.75e-07
    bank  0/ 6 near0 s=+1       N=1 T=16 mse=1.31e-08
    bank  1/ 6 mag s=+1 e=-7    N=1 T=16 mse=1.60e-08
    bank  2/ 6 mag s=+1 e=-6    N=1 T=16 mse=4.60e-08
    bank  3/ 6 mag s=+1 e=-5    N=1 T=16 mse=1.19e-07
    bank  4/ 6 mag s=+1 e=-4    N=1 T=16 mse=2.81e-07
    bank  5/ 6 mag s=+1 e=-3    N=1 T=16 mse=1.52e-06
    bank  6/ 6 mag s=+1 e=-2    N=1 T=16 mse=6.45e-07
    bank  1 tied scale=+0.02387 resid=5.7e-08
    bank  2 tied scale=+0.04774 resid=5.7e-08
    bank  3 tied scale=+0.09547 resid=5.7e-08
    bank  4 tied scale=+0.1909 resid=5.7e-08
    bank  5 tied scale=+0.3819 resid=5.7e-08
    bank  6 tied scale=+0.7638 resid=5.7e-08
  convert transformer.h.3.attn.attn_softmax softmax    range=[-3.4e+38,16.9]
  fitting transformer.h.3.attn.av_matmul   (matmul)
    bank  1 tied scale=+0.02387 resid=5.7e-08
    bank  2 tied scale=+0.04774 resid=5.7e-08
    bank  3 tied scale=+0.09547 resid=5.7e-08
    bank  4 tied scale=+0.1909 resid=5.7e-08
    bank  5 tied scale=+0.3819 resid=5.7e-08
    bank  6 tied scale=+0.7638 resid=5.7e-08
    bank  7 tied scale=+1.528 resid=5.7e-08
    bank  1 tied scale=+0.02387 resid=5.7e-08
    bank  2 tied scale=+0.04774 resid=5.7e-08
    bank  3 tied scale=+0.09547 resid=5.7e-08
    bank  4 tied scale=+0.1909 resid=5.7e-08
    bank  5 tied scale=+0.3819 resid=5.7e-08
    bank  6 tied scale=+0.7638 resid=5.7e-08
    bank  7 tied scale=+1.528 resid=5.7e-08
    bank  8 tied scale=+3.055 resid=5.7e-08
    bank  9 tied scale=+6.11 resid=5.7e-08
  convert transformer.h.3.attn.av_matmul matmul     range=[0,1], [-5.26,4.91]
  reuse   transformer.h.3.ln_2             (layernorm: mbe_pasn)
  reuse   transformer.h.3.mlp.act          (activation: gelu_tanh)
  reuse   transformer.h.4.ln_1             (layernorm: mbe_pasn)
  fitting transformer.h.4.attn.qk_matmul   (matmul)
    bank  1 tied scale=+0.02387 resid=5.7e-08
    bank  2 tied scale=+0.04774 resid=5.7e-08
    bank  3 tied scale=+0.09547 resid=5.7e-08
    bank  4 tied scale=+0.1909 resid=5.7e-08
    bank  5 tied scale=+0.3819 resid=5.7e-08
    bank  6 tied scale=+0.7638 resid=5.7e-08
    bank  7 tied scale=+1.528 resid=5.7e-08
    bank  8 tied scale=+3.055 resid=5.7e-08
    bank  9 tied scale=+6.11 resid=5.7e-08
    bank 10 tied scale=+12.22 resid=5.7e-08
    bank  1 tied scale=+0.02387 resid=5.7e-08
    bank  2 tied scale=+0.04774 resid=5.7e-08
    bank  3 tied scale=+0.09547 resid=5.7e-08
    bank  4 tied scale=+0.1909 resid=5.7e-08
    bank  5 tied scale=+0.3819 resid=5.7e-08
    bank  6 tied scale=+0.7638 resid=5.7e-08
    bank  7 tied scale=+1.528 resid=5.7e-08
    bank  8 tied scale=+3.055 resid=5.7e-08
    bank  9 tied scale=+6.11 resid=5.7e-08
    bank 10 tied scale=+12.22 resid=5.7e-08
    bank 11 tied scale=+24.44 resid=5.7e-08
  convert transformer.h.4.attn.qk_matmul matmul     range=[-13,13.6], [-22.2,20.9]
  fitting transformer.h.4.attn.attn_softmax (softmax)
    bank  0/ 3 near0 s=+1       N=1 T=16 mse=1.23e-07
    bank  1/ 3 mag s=+1 e=-3    N=1 T=16 mse=1.66e-07
    bank  2/ 3 mag s=+1 e=-2    N=1 T=16 mse=6.12e-07
    bank  3/ 3 mag s=+1 e=-1    N=2 T=16 mse=3.75e-07
    bank  0/ 6 near0 s=+1       N=1 T=16 mse=1.31e-08
    bank  1/ 6 mag s=+1 e=-7    N=1 T=16 mse=1.60e-08
    bank  2/ 6 mag s=+1 e=-6    N=1 T=16 mse=4.60e-08
    bank  3/ 6 mag s=+1 e=-5    N=1 T=16 mse=1.19e-07
    bank  4/ 6 mag s=+1 e=-4    N=1 T=16 mse=2.81e-07
    bank  5/ 6 mag s=+1 e=-3    N=1 T=16 mse=1.52e-06
    bank  6/ 6 mag s=+1 e=-2    N=1 T=16 mse=6.45e-07
    bank  1 tied scale=+0.02387 resid=5.7e-08
    bank  2 tied scale=+0.04774 resid=5.7e-08
    bank  3 tied scale=+0.09547 resid=5.7e-08
    bank  4 tied scale=+0.1909 resid=5.7e-08
    bank  5 tied scale=+0.3819 resid=5.7e-08
    bank  6 tied scale=+0.7638 resid=5.7e-08
  convert transformer.h.4.attn.attn_softmax softmax    range=[-3.4e+38,62.8]
  fitting transformer.h.4.attn.av_matmul   (matmul)
    bank  1 tied scale=+0.02387 resid=5.7e-08
    bank  2 tied scale=+0.04774 resid=5.7e-08
    bank  3 tied scale=+0.09547 resid=5.7e-08
    bank  4 tied scale=+0.1909 resid=5.7e-08
    bank  5 tied scale=+0.3819 resid=5.7e-08
    bank  6 tied scale=+0.7638 resid=5.7e-08
    bank  7 tied scale=+1.528 resid=5.7e-08
    bank  1 tied scale=+0.02387 resid=5.7e-08
    bank  2 tied scale=+0.04774 resid=5.7e-08
    bank  3 tied scale=+0.09547 resid=5.7e-08
    bank  4 tied scale=+0.1909 resid=5.7e-08
    bank  5 tied scale=+0.3819 resid=5.7e-08
    bank  6 tied scale=+0.7638 resid=5.7e-08
    bank  7 tied scale=+1.528 resid=5.7e-08
    bank  8 tied scale=+3.055 resid=5.7e-08
    bank  9 tied scale=+6.11 resid=5.7e-08
  convert transformer.h.4.attn.av_matmul matmul     range=[0,1], [-3.98,3.35]
  reuse   transformer.h.4.ln_2             (layernorm: mbe_pasn)
  reuse   transformer.h.4.mlp.act          (activation: gelu_tanh)
  reuse   transformer.h.5.ln_1             (layernorm: mbe_pasn)
  fitting transformer.h.5.attn.qk_matmul   (matmul)
    bank  1 tied scale=+0.02387 resid=5.7e-08
    bank  2 tied scale=+0.04774 resid=5.7e-08
    bank  3 tied scale=+0.09547 resid=5.7e-08
    bank  4 tied scale=+0.1909 resid=5.7e-08
    bank  5 tied scale=+0.3819 resid=5.7e-08
    bank  6 tied scale=+0.7638 resid=5.7e-08
    bank  7 tied scale=+1.528 resid=5.7e-08
    bank  8 tied scale=+3.055 resid=5.7e-08
    bank  9 tied scale=+6.11 resid=5.7e-08
    bank 10 tied scale=+12.22 resid=5.7e-08
    bank 11 tied scale=+24.44 resid=5.7e-08
    bank  1 tied scale=+0.02387 resid=5.7e-08
    bank  2 tied scale=+0.04774 resid=5.7e-08
    bank  3 tied scale=+0.09547 resid=5.7e-08
    bank  4 tied scale=+0.1909 resid=5.7e-08
    bank  5 tied scale=+0.3819 resid=5.7e-08
    bank  6 tied scale=+0.7638 resid=5.7e-08
    bank  7 tied scale=+1.528 resid=5.7e-08
    bank  8 tied scale=+3.055 resid=5.7e-08
    bank  9 tied scale=+6.11 resid=5.7e-08
    bank 10 tied scale=+12.22 resid=5.7e-08
    bank 11 tied scale=+24.44 resid=5.7e-08
  convert transformer.h.5.attn.qk_matmul matmul     range=[-18,14.4], [-21.9,23]
  fitting transformer.h.5.attn.attn_softmax (softmax)
    bank  0/ 3 near0 s=+1       N=1 T=16 mse=1.23e-07
    bank  1/ 3 mag s=+1 e=-3    N=1 T=16 mse=1.66e-07
    bank  2/ 3 mag s=+1 e=-2    N=1 T=16 mse=6.12e-07
    bank  3/ 3 mag s=+1 e=-1    N=2 T=16 mse=3.75e-07
    bank  0/ 6 near0 s=+1       N=1 T=16 mse=1.31e-08
    bank  1/ 6 mag s=+1 e=-7    N=1 T=16 mse=1.60e-08
    bank  2/ 6 mag s=+1 e=-6    N=1 T=16 mse=4.60e-08
    bank  3/ 6 mag s=+1 e=-5    N=1 T=16 mse=1.19e-07
    bank  4/ 6 mag s=+1 e=-4    N=1 T=16 mse=2.81e-07
    bank  5/ 6 mag s=+1 e=-3    N=1 T=16 mse=1.52e-06
    bank  6/ 6 mag s=+1 e=-2    N=1 T=16 mse=6.45e-07
    bank  1 tied scale=+0.02387 resid=5.7e-08
    bank  2 tied scale=+0.04774 resid=5.7e-08
    bank  3 tied scale=+0.09547 resid=5.7e-08
    bank  4 tied scale=+0.1909 resid=5.7e-08
    bank  5 tied scale=+0.3819 resid=5.7e-08
    bank  6 tied scale=+0.7638 resid=5.7e-08
  convert transformer.h.5.attn.attn_softmax softmax    range=[-3.4e+38,63.6]
  fitting transformer.h.5.attn.av_matmul   (matmul)
    bank  1 tied scale=+0.02387 resid=5.7e-08
    bank  2 tied scale=+0.04774 resid=5.7e-08
    bank  3 tied scale=+0.09547 resid=5.7e-08
    bank  4 tied scale=+0.1909 resid=5.7e-08
    bank  5 tied scale=+0.3819 resid=5.7e-08
    bank  6 tied scale=+0.7638 resid=5.7e-08
    bank  7 tied scale=+1.528 resid=5.7e-08
    bank  1 tied scale=+0.02387 resid=5.7e-08
    bank  2 tied scale=+0.04774 resid=5.7e-08
    bank  3 tied scale=+0.09547 resid=5.7e-08
    bank  4 tied scale=+0.1909 resid=5.7e-08
    bank  5 tied scale=+0.3819 resid=5.7e-08
    bank  6 tied scale=+0.7638 resid=5.7e-08
    bank  7 tied scale=+1.528 resid=5.7e-08
    bank  8 tied scale=+3.055 resid=5.7e-08
    bank  9 tied scale=+6.11 resid=5.7e-08
  convert transformer.h.5.attn.av_matmul matmul     range=[0,1], [-3.95,3.5]
  reuse   transformer.h.5.ln_2             (layernorm: mbe_pasn)
  reuse   transformer.h.5.mlp.act          (activation: gelu_tanh)
  reuse   transformer.h.6.ln_1             (layernorm: mbe_pasn)
  fitting transformer.h.6.attn.qk_matmul   (matmul)
    bank  1 tied scale=+0.02387 resid=5.7e-08
    bank  2 tied scale=+0.04774 resid=5.7e-08
    bank  3 tied scale=+0.09547 resid=5.7e-08
    bank  4 tied scale=+0.1909 resid=5.7e-08
    bank  5 tied scale=+0.3819 resid=5.7e-08
    bank  6 tied scale=+0.7638 resid=5.7e-08
    bank  7 tied scale=+1.528 resid=5.7e-08
    bank  8 tied scale=+3.055 resid=5.7e-08
    bank  9 tied scale=+6.11 resid=5.7e-08
    bank 10 tied scale=+12.22 resid=5.7e-08
    bank  1 tied scale=+0.02387 resid=5.7e-08
    bank  2 tied scale=+0.04774 resid=5.7e-08
    bank  3 tied scale=+0.09547 resid=5.7e-08
    bank  4 tied scale=+0.1909 resid=5.7e-08
    bank  5 tied scale=+0.3819 resid=5.7e-08
    bank  6 tied scale=+0.7638 resid=5.7e-08
    bank  7 tied scale=+1.528 resid=5.7e-08
    bank  8 tied scale=+3.055 resid=5.7e-08
    bank  9 tied scale=+6.11 resid=5.7e-08
    bank 10 tied scale=+12.22 resid=5.7e-08
    bank 11 tied scale=+24.44 resid=5.7e-08
  convert transformer.h.6.attn.qk_matmul matmul     range=[-13,10], [-18.9,17]
  fitting transformer.h.6.attn.attn_softmax (softmax)
    bank  0/ 3 near0 s=+1       N=1 T=16 mse=1.23e-07
    bank  1/ 3 mag s=+1 e=-3    N=1 T=16 mse=1.66e-07
    bank  2/ 3 mag s=+1 e=-2    N=1 T=16 mse=6.12e-07
    bank  3/ 3 mag s=+1 e=-1    N=2 T=16 mse=3.75e-07
    bank  0/ 6 near0 s=+1       N=1 T=16 mse=1.31e-08
    bank  1/ 6 mag s=+1 e=-7    N=1 T=16 mse=1.60e-08
    bank  2/ 6 mag s=+1 e=-6    N=1 T=16 mse=4.60e-08
    bank  3/ 6 mag s=+1 e=-5    N=1 T=16 mse=1.19e-07
    bank  4/ 6 mag s=+1 e=-4    N=1 T=16 mse=2.81e-07
    bank  5/ 6 mag s=+1 e=-3    N=1 T=16 mse=1.52e-06
    bank  6/ 6 mag s=+1 e=-2    N=1 T=16 mse=6.45e-07
    bank  1 tied scale=+0.02387 resid=5.7e-08
    bank  2 tied scale=+0.04774 resid=5.7e-08
    bank  3 tied scale=+0.09547 resid=5.7e-08
    bank  4 tied scale=+0.1909 resid=5.7e-08
    bank  5 tied scale=+0.3819 resid=5.7e-08
    bank  6 tied scale=+0.7638 resid=5.7e-08
  convert transformer.h.6.attn.attn_softmax softmax    range=[-3.4e+38,30.2]
  fitting transformer.h.6.attn.av_matmul   (matmul)
    bank  1 tied scale=+0.02387 resid=5.7e-08
    bank  2 tied scale=+0.04774 resid=5.7e-08
    bank  3 tied scale=+0.09547 resid=5.7e-08
    bank  4 tied scale=+0.1909 resid=5.7e-08
    bank  5 tied scale=+0.3819 resid=5.7e-08
    bank  6 tied scale=+0.7638 resid=5.7e-08
    bank  7 tied scale=+1.528 resid=5.7e-08
    bank  1 tied scale=+0.02387 resid=5.7e-08
    bank  2 tied scale=+0.04774 resid=5.7e-08
    bank  3 tied scale=+0.09547 resid=5.7e-08
    bank  4 tied scale=+0.1909 resid=5.7e-08
    bank  5 tied scale=+0.3819 resid=5.7e-08
    bank  6 tied scale=+0.7638 resid=5.7e-08
    bank  7 tied scale=+1.528 resid=5.7e-08
    bank  8 tied scale=+3.055 resid=5.7e-08
    bank  9 tied scale=+6.11 resid=5.7e-08
  convert transformer.h.6.attn.av_matmul matmul     range=[0,1], [-4.61,6.42]
  reuse   transformer.h.6.ln_2             (layernorm: mbe_pasn)
  reuse   transformer.h.6.mlp.act          (activation: gelu_tanh)
  reuse   transformer.h.7.ln_1             (layernorm: mbe_pasn)
  fitting transformer.h.7.attn.qk_matmul   (matmul)
    bank  1 tied scale=+0.02387 resid=5.7e-08
    bank  2 tied scale=+0.04774 resid=5.7e-08
    bank  3 tied scale=+0.09547 resid=5.7e-08
    bank  4 tied scale=+0.1909 resid=5.7e-08
    bank  5 tied scale=+0.3819 resid=5.7e-08
    bank  6 tied scale=+0.7638 resid=5.7e-08
    bank  7 tied scale=+1.528 resid=5.7e-08
    bank  8 tied scale=+3.055 resid=5.7e-08
    bank  9 tied scale=+6.11 resid=5.7e-08
    bank 10 tied scale=+12.22 resid=5.7e-08
    bank  1 tied scale=+0.02387 resid=5.7e-08
    bank  2 tied scale=+0.04774 resid=5.7e-08
    bank  3 tied scale=+0.09547 resid=5.7e-08
    bank  4 tied scale=+0.1909 resid=5.7e-08
    bank  5 tied scale=+0.3819 resid=5.7e-08
    bank  6 tied scale=+0.7638 resid=5.7e-08
    bank  7 tied scale=+1.528 resid=5.7e-08
    bank  8 tied scale=+3.055 resid=5.7e-08
    bank  9 tied scale=+6.11 resid=5.7e-08
    bank 10 tied scale=+12.22 resid=5.7e-08
  convert transformer.h.7.attn.qk_matmul matmul     range=[-12.8,12.2], [-11.9,14.1]
  fitting transformer.h.7.attn.attn_softmax (softmax)
    bank  0/ 3 near0 s=+1       N=1 T=16 mse=1.23e-07
    bank  1/ 3 mag s=+1 e=-3    N=1 T=16 mse=1.66e-07
    bank  2/ 3 mag s=+1 e=-2    N=1 T=16 mse=6.12e-07
    bank  3/ 3 mag s=+1 e=-1    N=2 T=16 mse=3.75e-07
    bank  0/ 6 near0 s=+1       N=1 T=16 mse=1.31e-08
    bank  1/ 6 mag s=+1 e=-7    N=1 T=16 mse=1.60e-08
    bank  2/ 6 mag s=+1 e=-6    N=1 T=16 mse=4.60e-08
    bank  3/ 6 mag s=+1 e=-5    N=1 T=16 mse=1.19e-07
    bank  4/ 6 mag s=+1 e=-4    N=1 T=16 mse=2.81e-07
    bank  5/ 6 mag s=+1 e=-3    N=1 T=16 mse=1.52e-06
    bank  6/ 6 mag s=+1 e=-2    N=1 T=16 mse=6.45e-07
    bank  1 tied scale=+0.02387 resid=5.7e-08
    bank  2 tied scale=+0.04774 resid=5.7e-08
    bank  3 tied scale=+0.09547 resid=5.7e-08
    bank  4 tied scale=+0.1909 resid=5.7e-08
    bank  5 tied scale=+0.3819 resid=5.7e-08
    bank  6 tied scale=+0.7638 resid=5.7e-08
  convert transformer.h.7.attn.attn_softmax softmax    range=[-3.4e+38,24.4]
  fitting transformer.h.7.attn.av_matmul   (matmul)
    bank  1 tied scale=+0.02387 resid=5.7e-08
    bank  2 tied scale=+0.04774 resid=5.7e-08
    bank  3 tied scale=+0.09547 resid=5.7e-08
    bank  4 tied scale=+0.1909 resid=5.7e-08
    bank  5 tied scale=+0.3819 resid=5.7e-08
    bank  6 tied scale=+0.7638 resid=5.7e-08
    bank  7 tied scale=+1.528 resid=5.7e-08
    bank  1 tied scale=+0.02387 resid=5.7e-08
    bank  2 tied scale=+0.04774 resid=5.7e-08
    bank  3 tied scale=+0.09547 resid=5.7e-08
    bank  4 tied scale=+0.1909 resid=5.7e-08
    bank  5 tied scale=+0.3819 resid=5.7e-08
    bank  6 tied scale=+0.7638 resid=5.7e-08
    bank  7 tied scale=+1.528 resid=5.7e-08
    bank  8 tied scale=+3.055 resid=5.7e-08
    bank  9 tied scale=+6.11 resid=5.7e-08
  convert transformer.h.7.attn.av_matmul matmul     range=[0,1], [-4.58,5.44]
  reuse   transformer.h.7.ln_2             (layernorm: mbe_pasn)
  reuse   transformer.h.7.mlp.act          (activation: gelu_tanh)
  reuse   transformer.h.8.ln_1             (layernorm: mbe_pasn)
  fitting transformer.h.8.attn.qk_matmul   (matmul)
    bank  1 tied scale=+0.02387 resid=5.7e-08
    bank  2 tied scale=+0.04774 resid=5.7e-08
    bank  3 tied scale=+0.09547 resid=5.7e-08
    bank  4 tied scale=+0.1909 resid=5.7e-08
    bank  5 tied scale=+0.3819 resid=5.7e-08
    bank  6 tied scale=+0.7638 resid=5.7e-08
    bank  7 tied scale=+1.528 resid=5.7e-08
    bank  8 tied scale=+3.055 resid=5.7e-08
    bank  9 tied scale=+6.11 resid=5.7e-08
    bank 10 tied scale=+12.22 resid=5.7e-08
    bank  1 tied scale=+0.02387 resid=5.7e-08
    bank  2 tied scale=+0.04774 resid=5.7e-08
    bank  3 tied scale=+0.09547 resid=5.7e-08
    bank  4 tied scale=+0.1909 resid=5.7e-08
    bank  5 tied scale=+0.3819 resid=5.7e-08
    bank  6 tied scale=+0.7638 resid=5.7e-08
    bank  7 tied scale=+1.528 resid=5.7e-08
    bank  8 tied scale=+3.055 resid=5.7e-08
    bank  9 tied scale=+6.11 resid=5.7e-08
    bank 10 tied scale=+12.22 resid=5.7e-08
    bank 11 tied scale=+24.44 resid=5.7e-08
  convert transformer.h.8.attn.qk_matmul matmul     range=[-9.83,9.62], [-13.3,15.8]
  fitting transformer.h.8.attn.attn_softmax (softmax)
    bank  0/ 3 near0 s=+1       N=1 T=16 mse=1.23e-07
    bank  1/ 3 mag s=+1 e=-3    N=1 T=16 mse=1.66e-07
    bank  2/ 3 mag s=+1 e=-2    N=1 T=16 mse=6.12e-07
    bank  3/ 3 mag s=+1 e=-1    N=2 T=16 mse=3.75e-07
    bank  0/ 6 near0 s=+1       N=1 T=16 mse=1.31e-08
    bank  1/ 6 mag s=+1 e=-7    N=1 T=16 mse=1.60e-08
    bank  2/ 6 mag s=+1 e=-6    N=1 T=16 mse=4.60e-08
    bank  3/ 6 mag s=+1 e=-5    N=1 T=16 mse=1.19e-07
    bank  4/ 6 mag s=+1 e=-4    N=1 T=16 mse=2.81e-07
    bank  5/ 6 mag s=+1 e=-3    N=1 T=16 mse=1.52e-06
    bank  6/ 6 mag s=+1 e=-2    N=1 T=16 mse=6.45e-07
    bank  1 tied scale=+0.02387 resid=5.7e-08
    bank  2 tied scale=+0.04774 resid=5.7e-08
    bank  3 tied scale=+0.09547 resid=5.7e-08
    bank  4 tied scale=+0.1909 resid=5.7e-08
    bank  5 tied scale=+0.3819 resid=5.7e-08
    bank  6 tied scale=+0.7638 resid=5.7e-08
  convert transformer.h.8.attn.attn_softmax softmax    range=[-3.4e+38,13.2]
  fitting transformer.h.8.attn.av_matmul   (matmul)
    bank  1 tied scale=+0.02387 resid=5.7e-08
    bank  2 tied scale=+0.04774 resid=5.7e-08
    bank  3 tied scale=+0.09547 resid=5.7e-08
    bank  4 tied scale=+0.1909 resid=5.7e-08
    bank  5 tied scale=+0.3819 resid=5.7e-08
    bank  6 tied scale=+0.7638 resid=5.7e-08
    bank  7 tied scale=+1.528 resid=5.7e-08
    bank  1 tied scale=+0.02387 resid=5.7e-08
    bank  2 tied scale=+0.04774 resid=5.7e-08
    bank  3 tied scale=+0.09547 resid=5.7e-08
    bank  4 tied scale=+0.1909 resid=5.7e-08
    bank  5 tied scale=+0.3819 resid=5.7e-08
    bank  6 tied scale=+0.7638 resid=5.7e-08
    bank  7 tied scale=+1.528 resid=5.7e-08
    bank  8 tied scale=+3.055 resid=5.7e-08
    bank  9 tied scale=+6.11 resid=5.7e-08
  convert transformer.h.8.attn.av_matmul matmul     range=[0,1], [-4.79,4.97]
  reuse   transformer.h.8.ln_2             (layernorm: mbe_pasn)
  reuse   transformer.h.8.mlp.act          (activation: gelu_tanh)
  reuse   transformer.h.9.ln_1             (layernorm: mbe_pasn)
  fitting transformer.h.9.attn.qk_matmul   (matmul)
    bank  1 tied scale=+0.02387 resid=5.7e-08
    bank  2 tied scale=+0.04774 resid=5.7e-08
    bank  3 tied scale=+0.09547 resid=5.7e-08
    bank  4 tied scale=+0.1909 resid=5.7e-08
    bank  5 tied scale=+0.3819 resid=5.7e-08
    bank  6 tied scale=+0.7638 resid=5.7e-08
    bank  7 tied scale=+1.528 resid=5.7e-08
    bank  8 tied scale=+3.055 resid=5.7e-08
    bank  9 tied scale=+6.11 resid=5.7e-08
    bank 10 tied scale=+12.22 resid=5.7e-08
    bank  1 tied scale=+0.02387 resid=5.7e-08
    bank  2 tied scale=+0.04774 resid=5.7e-08
    bank  3 tied scale=+0.09547 resid=5.7e-08
    bank  4 tied scale=+0.1909 resid=5.7e-08
    bank  5 tied scale=+0.3819 resid=5.7e-08
    bank  6 tied scale=+0.7638 resid=5.7e-08
    bank  7 tied scale=+1.528 resid=5.7e-08
    bank  8 tied scale=+3.055 resid=5.7e-08
    bank  9 tied scale=+6.11 resid=5.7e-08
    bank 10 tied scale=+12.22 resid=5.7e-08
  convert transformer.h.9.attn.qk_matmul matmul     range=[-14.5,11.9], [-12.3,13.2]
  fitting transformer.h.9.attn.attn_softmax (softmax)
    bank  0/ 3 near0 s=+1       N=1 T=16 mse=1.23e-07
    bank  1/ 3 mag s=+1 e=-3    N=1 T=16 mse=1.66e-07
    bank  2/ 3 mag s=+1 e=-2    N=1 T=16 mse=6.12e-07
    bank  3/ 3 mag s=+1 e=-1    N=2 T=16 mse=3.75e-07
    bank  0/ 6 near0 s=+1       N=1 T=16 mse=1.31e-08
    bank  1/ 6 mag s=+1 e=-7    N=1 T=16 mse=1.60e-08
    bank  2/ 6 mag s=+1 e=-6    N=1 T=16 mse=4.60e-08
    bank  3/ 6 mag s=+1 e=-5    N=1 T=16 mse=1.19e-07
    bank  4/ 6 mag s=+1 e=-4    N=1 T=16 mse=2.81e-07
    bank  5/ 6 mag s=+1 e=-3    N=1 T=16 mse=1.52e-06
    bank  6/ 6 mag s=+1 e=-2    N=1 T=16 mse=6.45e-07
    bank  1 tied scale=+0.02387 resid=5.7e-08
    bank  2 tied scale=+0.04774 resid=5.7e-08
    bank  3 tied scale=+0.09547 resid=5.7e-08
    bank  4 tied scale=+0.1909 resid=5.7e-08
    bank  5 tied scale=+0.3819 resid=5.7e-08
    bank  6 tied scale=+0.7638 resid=5.7e-08
  convert transformer.h.9.attn.attn_softmax softmax    range=[-3.4e+38,14.3]
  fitting transformer.h.9.attn.av_matmul   (matmul)
    bank  1 tied scale=+0.02387 resid=5.7e-08
    bank  2 tied scale=+0.04774 resid=5.7e-08
    bank  3 tied scale=+0.09547 resid=5.7e-08
    bank  4 tied scale=+0.1909 resid=5.7e-08
    bank  5 tied scale=+0.3819 resid=5.7e-08
    bank  6 tied scale=+0.7638 resid=5.7e-08
    bank  7 tied scale=+1.528 resid=5.7e-08
    bank  1 tied scale=+0.02387 resid=5.7e-08
    bank  2 tied scale=+0.04774 resid=5.7e-08
    bank  3 tied scale=+0.09547 resid=5.7e-08
    bank  4 tied scale=+0.1909 resid=5.7e-08
    bank  5 tied scale=+0.3819 resid=5.7e-08
    bank  6 tied scale=+0.7638 resid=5.7e-08
    bank  7 tied scale=+1.528 resid=5.7e-08
    bank  8 tied scale=+3.055 resid=5.7e-08
    bank  9 tied scale=+6.11 resid=5.7e-08
  convert transformer.h.9.attn.av_matmul matmul     range=[0,1], [-6.39,6.69]
  reuse   transformer.h.9.ln_2             (layernorm: mbe_pasn)
  reuse   transformer.h.9.mlp.act          (activation: gelu_tanh)
  reuse   transformer.h.10.ln_1            (layernorm: mbe_pasn)
  fitting transformer.h.10.attn.qk_matmul  (matmul)
    bank  1 tied scale=+0.02387 resid=5.7e-08
    bank  2 tied scale=+0.04774 resid=5.7e-08
    bank  3 tied scale=+0.09547 resid=5.7e-08
    bank  4 tied scale=+0.1909 resid=5.7e-08
    bank  5 tied scale=+0.3819 resid=5.7e-08
    bank  6 tied scale=+0.7638 resid=5.7e-08
    bank  7 tied scale=+1.528 resid=5.7e-08
    bank  8 tied scale=+3.055 resid=5.7e-08
    bank  9 tied scale=+6.11 resid=5.7e-08
    bank 10 tied scale=+12.22 resid=5.7e-08
    bank  1 tied scale=+0.02387 resid=5.7e-08
    bank  2 tied scale=+0.04774 resid=5.7e-08
    bank  3 tied scale=+0.09547 resid=5.7e-08
    bank  4 tied scale=+0.1909 resid=5.7e-08
    bank  5 tied scale=+0.3819 resid=5.7e-08
    bank  6 tied scale=+0.7638 resid=5.7e-08
    bank  7 tied scale=+1.528 resid=5.7e-08
    bank  8 tied scale=+3.055 resid=5.7e-08
    bank  9 tied scale=+6.11 resid=5.7e-08
    bank 10 tied scale=+12.22 resid=5.7e-08
    bank 11 tied scale=+24.44 resid=5.7e-08
  convert transformer.h.10.attn.qk_matmul matmul     range=[-14.4,13.7], [-13,15.5]
  fitting transformer.h.10.attn.attn_softmax (softmax)
    bank  0/ 3 near0 s=+1       N=1 T=16 mse=1.23e-07
    bank  1/ 3 mag s=+1 e=-3    N=1 T=16 mse=1.66e-07
    bank  2/ 3 mag s=+1 e=-2    N=1 T=16 mse=6.12e-07
    bank  3/ 3 mag s=+1 e=-1    N=2 T=16 mse=3.75e-07
    bank  0/ 6 near0 s=+1       N=1 T=16 mse=1.31e-08
    bank  1/ 6 mag s=+1 e=-7    N=1 T=16 mse=1.60e-08
    bank  2/ 6 mag s=+1 e=-6    N=1 T=16 mse=4.60e-08
    bank  3/ 6 mag s=+1 e=-5    N=1 T=16 mse=1.19e-07
    bank  4/ 6 mag s=+1 e=-4    N=1 T=16 mse=2.81e-07
    bank  5/ 6 mag s=+1 e=-3    N=1 T=16 mse=1.52e-06
    bank  6/ 6 mag s=+1 e=-2    N=1 T=16 mse=6.45e-07
    bank  1 tied scale=+0.02387 resid=5.7e-08
    bank  2 tied scale=+0.04774 resid=5.7e-08
    bank  3 tied scale=+0.09547 resid=5.7e-08
    bank  4 tied scale=+0.1909 resid=5.7e-08
    bank  5 tied scale=+0.3819 resid=5.7e-08
    bank  6 tied scale=+0.7638 resid=5.7e-08
  convert transformer.h.10.attn.attn_softmax softmax    range=[-3.4e+38,12.8]
  fitting transformer.h.10.attn.av_matmul  (matmul)
    bank  1 tied scale=+0.02387 resid=5.7e-08
    bank  2 tied scale=+0.04774 resid=5.7e-08
    bank  3 tied scale=+0.09547 resid=5.7e-08
    bank  4 tied scale=+0.1909 resid=5.7e-08
    bank  5 tied scale=+0.3819 resid=5.7e-08
    bank  6 tied scale=+0.7638 resid=5.7e-08
    bank  7 tied scale=+1.528 resid=5.7e-08
    bank  1 tied scale=+0.02387 resid=5.7e-08
    bank  2 tied scale=+0.04774 resid=5.7e-08
    bank  3 tied scale=+0.09547 resid=5.7e-08
    bank  4 tied scale=+0.1909 resid=5.7e-08
    bank  5 tied scale=+0.3819 resid=5.7e-08
    bank  6 tied scale=+0.7638 resid=5.7e-08
    bank  7 tied scale=+1.528 resid=5.7e-08
    bank  8 tied scale=+3.055 resid=5.7e-08
    bank  9 tied scale=+6.11 resid=5.7e-08
  convert transformer.h.10.attn.av_matmul matmul     range=[0,1], [-5.92,5.33]
  reuse   transformer.h.10.ln_2            (layernorm: mbe_pasn)
  reuse   transformer.h.10.mlp.act         (activation: gelu_tanh)
  reuse   transformer.h.11.ln_1            (layernorm: mbe_pasn)
  fitting transformer.h.11.attn.qk_matmul  (matmul)
    bank  1 tied scale=+0.02387 resid=5.7e-08
    bank  2 tied scale=+0.04774 resid=5.7e-08
    bank  3 tied scale=+0.09547 resid=5.7e-08
    bank  4 tied scale=+0.1909 resid=5.7e-08
    bank  5 tied scale=+0.3819 resid=5.7e-08
    bank  6 tied scale=+0.7638 resid=5.7e-08
    bank  7 tied scale=+1.528 resid=5.7e-08
    bank  8 tied scale=+3.055 resid=5.7e-08
    bank  9 tied scale=+6.11 resid=5.7e-08
    bank 10 tied scale=+12.22 resid=5.7e-08
    bank  1 tied scale=+0.02387 resid=5.7e-08
    bank  2 tied scale=+0.04774 resid=5.7e-08
    bank  3 tied scale=+0.09547 resid=5.7e-08
    bank  4 tied scale=+0.1909 resid=5.7e-08
    bank  5 tied scale=+0.3819 resid=5.7e-08
    bank  6 tied scale=+0.7638 resid=5.7e-08
    bank  7 tied scale=+1.528 resid=5.7e-08
    bank  8 tied scale=+3.055 resid=5.7e-08
    bank  9 tied scale=+6.11 resid=5.7e-08
    bank 10 tied scale=+12.22 resid=5.7e-08
    bank 11 tied scale=+24.44 resid=5.7e-08
  convert transformer.h.11.attn.qk_matmul matmul     range=[-14.9,9.16], [-16.5,17.1]
  fitting transformer.h.11.attn.attn_softmax (softmax)
    bank  0/ 3 near0 s=+1       N=1 T=16 mse=1.23e-07
    bank  1/ 3 mag s=+1 e=-3    N=1 T=16 mse=1.66e-07
    bank  2/ 3 mag s=+1 e=-2    N=1 T=16 mse=6.12e-07
    bank  3/ 3 mag s=+1 e=-1    N=2 T=16 mse=3.75e-07
    bank  0/ 6 near0 s=+1       N=1 T=16 mse=1.31e-08
    bank  1/ 6 mag s=+1 e=-7    N=1 T=16 mse=1.60e-08
    bank  2/ 6 mag s=+1 e=-6    N=1 T=16 mse=4.60e-08
    bank  3/ 6 mag s=+1 e=-5    N=1 T=16 mse=1.19e-07
    bank  4/ 6 mag s=+1 e=-4    N=1 T=16 mse=2.81e-07
    bank  5/ 6 mag s=+1 e=-3    N=1 T=16 mse=1.52e-06
    bank  6/ 6 mag s=+1 e=-2    N=1 T=16 mse=6.45e-07
    bank  1 tied scale=+0.02387 resid=5.7e-08
    bank  2 tied scale=+0.04774 resid=5.7e-08
    bank  3 tied scale=+0.09547 resid=5.7e-08
    bank  4 tied scale=+0.1909 resid=5.7e-08
    bank  5 tied scale=+0.3819 resid=5.7e-08
    bank  6 tied scale=+0.7638 resid=5.7e-08
  convert transformer.h.11.attn.attn_softmax softmax    range=[-3.4e+38,17.2]
  fitting transformer.h.11.attn.av_matmul  (matmul)
    bank  1 tied scale=+0.02387 resid=5.7e-08
    bank  2 tied scale=+0.04774 resid=5.7e-08
    bank  3 tied scale=+0.09547 resid=5.7e-08
    bank  4 tied scale=+0.1909 resid=5.7e-08
    bank  5 tied scale=+0.3819 resid=5.7e-08
    bank  6 tied scale=+0.7638 resid=5.7e-08
    bank  7 tied scale=+1.528 resid=5.7e-08
    bank  1 tied scale=+0.02387 resid=5.7e-08
    bank  2 tied scale=+0.04774 resid=5.7e-08
    bank  3 tied scale=+0.09547 resid=5.7e-08
    bank  4 tied scale=+0.1909 resid=5.7e-08
    bank  5 tied scale=+0.3819 resid=5.7e-08
    bank  6 tied scale=+0.7638 resid=5.7e-08
    bank  7 tied scale=+1.528 resid=5.7e-08
    bank  8 tied scale=+3.055 resid=5.7e-08
    bank  9 tied scale=+6.11 resid=5.7e-08
  convert transformer.h.11.attn.av_matmul matmul     range=[0,1], [-5,5.71]
  reuse   transformer.h.11.ln_2            (layernorm: mbe_pasn)
  reuse   transformer.h.11.mlp.act         (activation: gelu_tanh)
  reuse   transformer.h.12.ln_1            (layernorm: mbe_pasn)
  fitting transformer.h.12.attn.qk_matmul  (matmul)
    bank  1 tied scale=+0.02387 resid=5.7e-08
    bank  2 tied scale=+0.04774 resid=5.7e-08
    bank  3 tied scale=+0.09547 resid=5.7e-08
    bank  4 tied scale=+0.1909 resid=5.7e-08
    bank  5 tied scale=+0.3819 resid=5.7e-08
    bank  6 tied scale=+0.7638 resid=5.7e-08
    bank  7 tied scale=+1.528 resid=5.7e-08
    bank  8 tied scale=+3.055 resid=5.7e-08
    bank  9 tied scale=+6.11 resid=5.7e-08
    bank 10 tied scale=+12.22 resid=5.7e-08
    bank  1 tied scale=+0.02387 resid=5.7e-08
    bank  2 tied scale=+0.04774 resid=5.7e-08
    bank  3 tied scale=+0.09547 resid=5.7e-08
    bank  4 tied scale=+0.1909 resid=5.7e-08
    bank  5 tied scale=+0.3819 resid=5.7e-08
    bank  6 tied scale=+0.7638 resid=5.7e-08
    bank  7 tied scale=+1.528 resid=5.7e-08
    bank  8 tied scale=+3.055 resid=5.7e-08
    bank  9 tied scale=+6.11 resid=5.7e-08
    bank 10 tied scale=+12.22 resid=5.7e-08
    bank 11 tied scale=+24.44 resid=5.7e-08
  convert transformer.h.12.attn.qk_matmul matmul     range=[-14.7,14.4], [-17.3,14.2]
  fitting transformer.h.12.attn.attn_softmax (softmax)
    bank  0/ 3 near0 s=+1       N=1 T=16 mse=1.23e-07
    bank  1/ 3 mag s=+1 e=-3    N=1 T=16 mse=1.66e-07
    bank  2/ 3 mag s=+1 e=-2    N=1 T=16 mse=6.12e-07
    bank  3/ 3 mag s=+1 e=-1    N=2 T=16 mse=3.75e-07
    bank  0/ 6 near0 s=+1       N=1 T=16 mse=1.31e-08
    bank  1/ 6 mag s=+1 e=-7    N=1 T=16 mse=1.60e-08
    bank  2/ 6 mag s=+1 e=-6    N=1 T=16 mse=4.60e-08
    bank  3/ 6 mag s=+1 e=-5    N=1 T=16 mse=1.19e-07
    bank  4/ 6 mag s=+1 e=-4    N=1 T=16 mse=2.81e-07
    bank  5/ 6 mag s=+1 e=-3    N=1 T=16 mse=1.52e-06
    bank  6/ 6 mag s=+1 e=-2    N=1 T=16 mse=6.45e-07
    bank  1 tied scale=+0.02387 resid=5.7e-08
    bank  2 tied scale=+0.04774 resid=5.7e-08
    bank  3 tied scale=+0.09547 resid=5.7e-08
    bank  4 tied scale=+0.1909 resid=5.7e-08
    bank  5 tied scale=+0.3819 resid=5.7e-08
    bank  6 tied scale=+0.7638 resid=5.7e-08
  convert transformer.h.12.attn.attn_softmax softmax    range=[-3.4e+38,18.5]
  fitting transformer.h.12.attn.av_matmul  (matmul)
    bank  1 tied scale=+0.02387 resid=5.7e-08
    bank  2 tied scale=+0.04774 resid=5.7e-08
    bank  3 tied scale=+0.09547 resid=5.7e-08
    bank  4 tied scale=+0.1909 resid=5.7e-08
    bank  5 tied scale=+0.3819 resid=5.7e-08
    bank  6 tied scale=+0.7638 resid=5.7e-08
    bank  7 tied scale=+1.528 resid=5.7e-08
    bank  1 tied scale=+0.02387 resid=5.7e-08
    bank  2 tied scale=+0.04774 resid=5.7e-08
    bank  3 tied scale=+0.09547 resid=5.7e-08
    bank  4 tied scale=+0.1909 resid=5.7e-08
    bank  5 tied scale=+0.3819 resid=5.7e-08
    bank  6 tied scale=+0.7638 resid=5.7e-08
    bank  7 tied scale=+1.528 resid=5.7e-08
    bank  8 tied scale=+3.055 resid=5.7e-08
    bank  9 tied scale=+6.11 resid=5.7e-08
  convert transformer.h.12.attn.av_matmul matmul     range=[0,1], [-6.18,5.78]
  reuse   transformer.h.12.ln_2            (layernorm: mbe_pasn)
  reuse   transformer.h.12.mlp.act         (activation: gelu_tanh)
  reuse   transformer.h.13.ln_1            (layernorm: mbe_pasn)
  fitting transformer.h.13.attn.qk_matmul  (matmul)
    bank  1 tied scale=+0.02387 resid=5.7e-08
    bank  2 tied scale=+0.04774 resid=5.7e-08
    bank  3 tied scale=+0.09547 resid=5.7e-08
    bank  4 tied scale=+0.1909 resid=5.7e-08
    bank  5 tied scale=+0.3819 resid=5.7e-08
    bank  6 tied scale=+0.7638 resid=5.7e-08
    bank  7 tied scale=+1.528 resid=5.7e-08
    bank  8 tied scale=+3.055 resid=5.7e-08
    bank  9 tied scale=+6.11 resid=5.7e-08
    bank 10 tied scale=+12.22 resid=5.7e-08
    bank  1 tied scale=+0.02387 resid=5.7e-08
    bank  2 tied scale=+0.04774 resid=5.7e-08
    bank  3 tied scale=+0.09547 resid=5.7e-08
    bank  4 tied scale=+0.1909 resid=5.7e-08
    bank  5 tied scale=+0.3819 resid=5.7e-08
    bank  6 tied scale=+0.7638 resid=5.7e-08
    bank  7 tied scale=+1.528 resid=5.7e-08
    bank  8 tied scale=+3.055 resid=5.7e-08
    bank  9 tied scale=+6.11 resid=5.7e-08
    bank 10 tied scale=+12.22 resid=5.7e-08
    bank 11 tied scale=+24.44 resid=5.7e-08
  convert transformer.h.13.attn.qk_matmul matmul     range=[-12.3,8.89], [-18.1,18]
  fitting transformer.h.13.attn.attn_softmax (softmax)
    bank  0/ 3 near0 s=+1       N=1 T=16 mse=1.23e-07
    bank  1/ 3 mag s=+1 e=-3    N=1 T=16 mse=1.66e-07
    bank  2/ 3 mag s=+1 e=-2    N=1 T=16 mse=6.12e-07
    bank  3/ 3 mag s=+1 e=-1    N=2 T=16 mse=3.75e-07
    bank  0/ 6 near0 s=+1       N=1 T=16 mse=1.31e-08
    bank  1/ 6 mag s=+1 e=-7    N=1 T=16 mse=1.60e-08
    bank  2/ 6 mag s=+1 e=-6    N=1 T=16 mse=4.60e-08
    bank  3/ 6 mag s=+1 e=-5    N=1 T=16 mse=1.19e-07
    bank  4/ 6 mag s=+1 e=-4    N=1 T=16 mse=2.81e-07
    bank  5/ 6 mag s=+1 e=-3    N=1 T=16 mse=1.52e-06
    bank  6/ 6 mag s=+1 e=-2    N=1 T=16 mse=6.45e-07
    bank  1 tied scale=+0.02387 resid=5.7e-08
    bank  2 tied scale=+0.04774 resid=5.7e-08
    bank  3 tied scale=+0.09547 resid=5.7e-08
    bank  4 tied scale=+0.1909 resid=5.7e-08
    bank  5 tied scale=+0.3819 resid=5.7e-08
    bank  6 tied scale=+0.7638 resid=5.7e-08
  convert transformer.h.13.attn.attn_softmax softmax    range=[-3.4e+38,15.8]
  fitting transformer.h.13.attn.av_matmul  (matmul)
    bank  1 tied scale=+0.02387 resid=5.7e-08
    bank  2 tied scale=+0.04774 resid=5.7e-08
    bank  3 tied scale=+0.09547 resid=5.7e-08
    bank  4 tied scale=+0.1909 resid=5.7e-08
    bank  5 tied scale=+0.3819 resid=5.7e-08
    bank  6 tied scale=+0.7638 resid=5.7e-08
    bank  7 tied scale=+1.528 resid=5.7e-08
    bank  1 tied scale=+0.02387 resid=5.7e-08
    bank  2 tied scale=+0.04774 resid=5.7e-08
    bank  3 tied scale=+0.09547 resid=5.7e-08
    bank  4 tied scale=+0.1909 resid=5.7e-08
    bank  5 tied scale=+0.3819 resid=5.7e-08
    bank  6 tied scale=+0.7638 resid=5.7e-08
    bank  7 tied scale=+1.528 resid=5.7e-08
    bank  8 tied scale=+3.055 resid=5.7e-08
    bank  9 tied scale=+6.11 resid=5.7e-08
  convert transformer.h.13.attn.av_matmul matmul     range=[0,1], [-5.92,5.59]
  reuse   transformer.h.13.ln_2            (layernorm: mbe_pasn)
  reuse   transformer.h.13.mlp.act         (activation: gelu_tanh)
  reuse   transformer.h.14.ln_1            (layernorm: mbe_pasn)
  fitting transformer.h.14.attn.qk_matmul  (matmul)
    bank  1 tied scale=+0.02387 resid=5.7e-08
    bank  2 tied scale=+0.04774 resid=5.7e-08
    bank  3 tied scale=+0.09547 resid=5.7e-08
    bank  4 tied scale=+0.1909 resid=5.7e-08
    bank  5 tied scale=+0.3819 resid=5.7e-08
    bank  6 tied scale=+0.7638 resid=5.7e-08
    bank  7 tied scale=+1.528 resid=5.7e-08
    bank  8 tied scale=+3.055 resid=5.7e-08
    bank  9 tied scale=+6.11 resid=5.7e-08
    bank 10 tied scale=+12.22 resid=5.7e-08
    bank  1 tied scale=+0.02387 resid=5.7e-08
    bank  2 tied scale=+0.04774 resid=5.7e-08
    bank  3 tied scale=+0.09547 resid=5.7e-08
    bank  4 tied scale=+0.1909 resid=5.7e-08
    bank  5 tied scale=+0.3819 resid=5.7e-08
    bank  6 tied scale=+0.7638 resid=5.7e-08
    bank  7 tied scale=+1.528 resid=5.7e-08
    bank  8 tied scale=+3.055 resid=5.7e-08
    bank  9 tied scale=+6.11 resid=5.7e-08
    bank 10 tied scale=+12.22 resid=5.7e-08
    bank 11 tied scale=+24.44 resid=5.7e-08
  convert transformer.h.14.attn.qk_matmul matmul     range=[-14.9,9.97], [-15.1,16.5]
  fitting transformer.h.14.attn.attn_softmax (softmax)
    bank  0/ 3 near0 s=+1       N=1 T=16 mse=1.23e-07
    bank  1/ 3 mag s=+1 e=-3    N=1 T=16 mse=1.66e-07
    bank  2/ 3 mag s=+1 e=-2    N=1 T=16 mse=6.12e-07
    bank  3/ 3 mag s=+1 e=-1    N=2 T=16 mse=3.75e-07
    bank  0/ 6 near0 s=+1       N=1 T=16 mse=1.31e-08
    bank  1/ 6 mag s=+1 e=-7    N=1 T=16 mse=1.60e-08
    bank  2/ 6 mag s=+1 e=-6    N=1 T=16 mse=4.60e-08
    bank  3/ 6 mag s=+1 e=-5    N=1 T=16 mse=1.19e-07
    bank  4/ 6 mag s=+1 e=-4    N=1 T=16 mse=2.81e-07
    bank  5/ 6 mag s=+1 e=-3    N=1 T=16 mse=1.52e-06
    bank  6/ 6 mag s=+1 e=-2    N=1 T=16 mse=6.45e-07
    bank  1 tied scale=+0.02387 resid=5.7e-08
    bank  2 tied scale=+0.04774 resid=5.7e-08
    bank  3 tied scale=+0.09547 resid=5.7e-08
    bank  4 tied scale=+0.1909 resid=5.7e-08
    bank  5 tied scale=+0.3819 resid=5.7e-08
    bank  6 tied scale=+0.7638 resid=5.7e-08
  convert transformer.h.14.attn.attn_softmax softmax    range=[-3.4e+38,15.1]
  fitting transformer.h.14.attn.av_matmul  (matmul)
    bank  1 tied scale=+0.02387 resid=5.7e-08
    bank  2 tied scale=+0.04774 resid=5.7e-08
    bank  3 tied scale=+0.09547 resid=5.7e-08
    bank  4 tied scale=+0.1909 resid=5.7e-08
    bank  5 tied scale=+0.3819 resid=5.7e-08
    bank  6 tied scale=+0.7638 resid=5.7e-08
    bank  7 tied scale=+1.528 resid=5.7e-08
    bank  1 tied scale=+0.02387 resid=5.7e-08
    bank  2 tied scale=+0.04774 resid=5.7e-08
    bank  3 tied scale=+0.09547 resid=5.7e-08
    bank  4 tied scale=+0.1909 resid=5.7e-08
    bank  5 tied scale=+0.3819 resid=5.7e-08
    bank  6 tied scale=+0.7638 resid=5.7e-08
    bank  7 tied scale=+1.528 resid=5.7e-08
    bank  8 tied scale=+3.055 resid=5.7e-08
    bank  9 tied scale=+6.11 resid=5.7e-08
  convert transformer.h.14.attn.av_matmul matmul     range=[0,1], [-6.91,6.73]
  reuse   transformer.h.14.ln_2            (layernorm: mbe_pasn)
  reuse   transformer.h.14.mlp.act         (activation: gelu_tanh)
  reuse   transformer.h.15.ln_1            (layernorm: mbe_pasn)
  fitting transformer.h.15.attn.qk_matmul  (matmul)
    bank  1 tied scale=+0.02387 resid=5.7e-08
    bank  2 tied scale=+0.04774 resid=5.7e-08
    bank  3 tied scale=+0.09547 resid=5.7e-08
    bank  4 tied scale=+0.1909 resid=5.7e-08
    bank  5 tied scale=+0.3819 resid=5.7e-08
    bank  6 tied scale=+0.7638 resid=5.7e-08
    bank  7 tied scale=+1.528 resid=5.7e-08
    bank  8 tied scale=+3.055 resid=5.7e-08
    bank  9 tied scale=+6.11 resid=5.7e-08
    bank 10 tied scale=+12.22 resid=5.7e-08
    bank  1 tied scale=+0.02387 resid=5.7e-08
    bank  2 tied scale=+0.04774 resid=5.7e-08
    bank  3 tied scale=+0.09547 resid=5.7e-08
    bank  4 tied scale=+0.1909 resid=5.7e-08
    bank  5 tied scale=+0.3819 resid=5.7e-08
    bank  6 tied scale=+0.7638 resid=5.7e-08
    bank  7 tied scale=+1.528 resid=5.7e-08
    bank  8 tied scale=+3.055 resid=5.7e-08
    bank  9 tied scale=+6.11 resid=5.7e-08
    bank 10 tied scale=+12.22 resid=5.7e-08
    bank 11 tied scale=+24.44 resid=5.7e-08
  convert transformer.h.15.attn.qk_matmul matmul     range=[-9.65,11.5], [-16.4,15.4]
  fitting transformer.h.15.attn.attn_softmax (softmax)
    bank  0/ 3 near0 s=+1       N=1 T=16 mse=1.23e-07
    bank  1/ 3 mag s=+1 e=-3    N=1 T=16 mse=1.66e-07
    bank  2/ 3 mag s=+1 e=-2    N=1 T=16 mse=6.12e-07
    bank  3/ 3 mag s=+1 e=-1    N=2 T=16 mse=3.75e-07
    bank  0/ 6 near0 s=+1       N=1 T=16 mse=1.31e-08
    bank  1/ 6 mag s=+1 e=-7    N=1 T=16 mse=1.60e-08
    bank  2/ 6 mag s=+1 e=-6    N=1 T=16 mse=4.60e-08
    bank  3/ 6 mag s=+1 e=-5    N=1 T=16 mse=1.19e-07
    bank  4/ 6 mag s=+1 e=-4    N=1 T=16 mse=2.81e-07
    bank  5/ 6 mag s=+1 e=-3    N=1 T=16 mse=1.52e-06
    bank  6/ 6 mag s=+1 e=-2    N=1 T=16 mse=6.45e-07
    bank  1 tied scale=+0.02387 resid=5.7e-08
    bank  2 tied scale=+0.04774 resid=5.7e-08
    bank  3 tied scale=+0.09547 resid=5.7e-08
    bank  4 tied scale=+0.1909 resid=5.7e-08
    bank  5 tied scale=+0.3819 resid=5.7e-08
    bank  6 tied scale=+0.7638 resid=5.7e-08
  convert transformer.h.15.attn.attn_softmax softmax    range=[-3.4e+38,13.7]
  fitting transformer.h.15.attn.av_matmul  (matmul)
    bank  1 tied scale=+0.02387 resid=5.7e-08
    bank  2 tied scale=+0.04774 resid=5.7e-08
    bank  3 tied scale=+0.09547 resid=5.7e-08
    bank  4 tied scale=+0.1909 resid=5.7e-08
    bank  5 tied scale=+0.3819 resid=5.7e-08
    bank  6 tied scale=+0.7638 resid=5.7e-08
    bank  7 tied scale=+1.528 resid=5.7e-08
    bank  1 tied scale=+0.02387 resid=5.7e-08
    bank  2 tied scale=+0.04774 resid=5.7e-08
    bank  3 tied scale=+0.09547 resid=5.7e-08
    bank  4 tied scale=+0.1909 resid=5.7e-08
    bank  5 tied scale=+0.3819 resid=5.7e-08
    bank  6 tied scale=+0.7638 resid=5.7e-08
    bank  7 tied scale=+1.528 resid=5.7e-08
    bank  8 tied scale=+3.055 resid=5.7e-08
    bank  9 tied scale=+6.11 resid=5.7e-08
  convert transformer.h.15.attn.av_matmul matmul     range=[0,1], [-6.72,6.64]
  reuse   transformer.h.15.ln_2            (layernorm: mbe_pasn)
  reuse   transformer.h.15.mlp.act         (activation: gelu_tanh)
  reuse   transformer.h.16.ln_1            (layernorm: mbe_pasn)
  fitting transformer.h.16.attn.qk_matmul  (matmul)
    bank  1 tied scale=+0.02387 resid=5.7e-08
    bank  2 tied scale=+0.04774 resid=5.7e-08
    bank  3 tied scale=+0.09547 resid=5.7e-08
    bank  4 tied scale=+0.1909 resid=5.7e-08
    bank  5 tied scale=+0.3819 resid=5.7e-08
    bank  6 tied scale=+0.7638 resid=5.7e-08
    bank  7 tied scale=+1.528 resid=5.7e-08
    bank  8 tied scale=+3.055 resid=5.7e-08
    bank  9 tied scale=+6.11 resid=5.7e-08
    bank 10 tied scale=+12.22 resid=5.7e-08
    bank 11 tied scale=+24.44 resid=5.7e-08
    bank  1 tied scale=+0.02387 resid=5.7e-08
    bank  2 tied scale=+0.04774 resid=5.7e-08
    bank  3 tied scale=+0.09547 resid=5.7e-08
    bank  4 tied scale=+0.1909 resid=5.7e-08
    bank  5 tied scale=+0.3819 resid=5.7e-08
    bank  6 tied scale=+0.7638 resid=5.7e-08
    bank  7 tied scale=+1.528 resid=5.7e-08
    bank  8 tied scale=+3.055 resid=5.7e-08
    bank  9 tied scale=+6.11 resid=5.7e-08
    bank 10 tied scale=+12.22 resid=5.7e-08
    bank 11 tied scale=+24.44 resid=5.7e-08
  convert transformer.h.16.attn.qk_matmul matmul     range=[-11.3,15.5], [-15.2,15.4]
  fitting transformer.h.16.attn.attn_softmax (softmax)
    bank  0/ 3 near0 s=+1       N=1 T=16 mse=1.23e-07
    bank  1/ 3 mag s=+1 e=-3    N=1 T=16 mse=1.66e-07
    bank  2/ 3 mag s=+1 e=-2    N=1 T=16 mse=6.12e-07
    bank  3/ 3 mag s=+1 e=-1    N=2 T=16 mse=3.75e-07
    bank  0/ 6 near0 s=+1       N=1 T=16 mse=1.31e-08
    bank  1/ 6 mag s=+1 e=-7    N=1 T=16 mse=1.60e-08
    bank  2/ 6 mag s=+1 e=-6    N=1 T=16 mse=4.60e-08
    bank  3/ 6 mag s=+1 e=-5    N=1 T=16 mse=1.19e-07
    bank  4/ 6 mag s=+1 e=-4    N=1 T=16 mse=2.81e-07
    bank  5/ 6 mag s=+1 e=-3    N=1 T=16 mse=1.52e-06
    bank  6/ 6 mag s=+1 e=-2    N=1 T=16 mse=6.45e-07
    bank  1 tied scale=+0.02387 resid=5.7e-08
    bank  2 tied scale=+0.04774 resid=5.7e-08
    bank  3 tied scale=+0.09547 resid=5.7e-08
    bank  4 tied scale=+0.1909 resid=5.7e-08
    bank  5 tied scale=+0.3819 resid=5.7e-08
    bank  6 tied scale=+0.7638 resid=5.7e-08
  convert transformer.h.16.attn.attn_softmax softmax    range=[-3.4e+38,13.9]
  fitting transformer.h.16.attn.av_matmul  (matmul)
    bank  1 tied scale=+0.02387 resid=5.7e-08
    bank  2 tied scale=+0.04774 resid=5.7e-08
    bank  3 tied scale=+0.09547 resid=5.7e-08
    bank  4 tied scale=+0.1909 resid=5.7e-08
    bank  5 tied scale=+0.3819 resid=5.7e-08
    bank  6 tied scale=+0.7638 resid=5.7e-08
    bank  7 tied scale=+1.528 resid=5.7e-08
    bank  1 tied scale=+0.02387 resid=5.7e-08
    bank  2 tied scale=+0.04774 resid=5.7e-08
    bank  3 tied scale=+0.09547 resid=5.7e-08
    bank  4 tied scale=+0.1909 resid=5.7e-08
    bank  5 tied scale=+0.3819 resid=5.7e-08
    bank  6 tied scale=+0.7638 resid=5.7e-08
    bank  7 tied scale=+1.528 resid=5.7e-08
    bank  8 tied scale=+3.055 resid=5.7e-08
    bank  9 tied scale=+6.11 resid=5.7e-08
  convert transformer.h.16.attn.av_matmul matmul     range=[0,1], [-6.57,7.21]
  reuse   transformer.h.16.ln_2            (layernorm: mbe_pasn)
  reuse   transformer.h.16.mlp.act         (activation: gelu_tanh)
  reuse   transformer.h.17.ln_1            (layernorm: mbe_pasn)
  fitting transformer.h.17.attn.qk_matmul  (matmul)
    bank  1 tied scale=+0.02387 resid=5.7e-08
    bank  2 tied scale=+0.04774 resid=5.7e-08
    bank  3 tied scale=+0.09547 resid=5.7e-08
    bank  4 tied scale=+0.1909 resid=5.7e-08
    bank  5 tied scale=+0.3819 resid=5.7e-08
    bank  6 tied scale=+0.7638 resid=5.7e-08
    bank  7 tied scale=+1.528 resid=5.7e-08
    bank  8 tied scale=+3.055 resid=5.7e-08
    bank  9 tied scale=+6.11 resid=5.7e-08
    bank 10 tied scale=+12.22 resid=5.7e-08
    bank  1 tied scale=+0.02387 resid=5.7e-08
    bank  2 tied scale=+0.04774 resid=5.7e-08
    bank  3 tied scale=+0.09547 resid=5.7e-08
    bank  4 tied scale=+0.1909 resid=5.7e-08
    bank  5 tied scale=+0.3819 resid=5.7e-08
    bank  6 tied scale=+0.7638 resid=5.7e-08
    bank  7 tied scale=+1.528 resid=5.7e-08
    bank  8 tied scale=+3.055 resid=5.7e-08
    bank  9 tied scale=+6.11 resid=5.7e-08
    bank 10 tied scale=+12.22 resid=5.7e-08
    bank 11 tied scale=+24.44 resid=5.7e-08
  convert transformer.h.17.attn.qk_matmul matmul     range=[-7.77,12.2], [-17.1,15.3]
  fitting transformer.h.17.attn.attn_softmax (softmax)
    bank  0/ 3 near0 s=+1       N=1 T=16 mse=1.23e-07
    bank  1/ 3 mag s=+1 e=-3    N=1 T=16 mse=1.66e-07
    bank  2/ 3 mag s=+1 e=-2    N=1 T=16 mse=6.12e-07
    bank  3/ 3 mag s=+1 e=-1    N=2 T=16 mse=3.75e-07
    bank  0/ 6 near0 s=+1       N=1 T=16 mse=1.31e-08
    bank  1/ 6 mag s=+1 e=-7    N=1 T=16 mse=1.60e-08
    bank  2/ 6 mag s=+1 e=-6    N=1 T=16 mse=4.60e-08
    bank  3/ 6 mag s=+1 e=-5    N=1 T=16 mse=1.19e-07
    bank  4/ 6 mag s=+1 e=-4    N=1 T=16 mse=2.81e-07
    bank  5/ 6 mag s=+1 e=-3    N=1 T=16 mse=1.52e-06
    bank  6/ 6 mag s=+1 e=-2    N=1 T=16 mse=6.45e-07
    bank  1 tied scale=+0.02387 resid=5.7e-08
    bank  2 tied scale=+0.04774 resid=5.7e-08
    bank  3 tied scale=+0.09547 resid=5.7e-08
    bank  4 tied scale=+0.1909 resid=5.7e-08
    bank  5 tied scale=+0.3819 resid=5.7e-08
    bank  6 tied scale=+0.7638 resid=5.7e-08
  convert transformer.h.17.attn.attn_softmax softmax    range=[-3.4e+38,16.4]
  fitting transformer.h.17.attn.av_matmul  (matmul)
    bank  1 tied scale=+0.02387 resid=5.7e-08
    bank  2 tied scale=+0.04774 resid=5.7e-08
    bank  3 tied scale=+0.09547 resid=5.7e-08
    bank  4 tied scale=+0.1909 resid=5.7e-08
    bank  5 tied scale=+0.3819 resid=5.7e-08
    bank  6 tied scale=+0.7638 resid=5.7e-08
    bank  7 tied scale=+1.528 resid=5.7e-08
    bank  1 tied scale=+0.02387 resid=5.7e-08
    bank  2 tied scale=+0.04774 resid=5.7e-08
    bank  3 tied scale=+0.09547 resid=5.7e-08
    bank  4 tied scale=+0.1909 resid=5.7e-08
    bank  5 tied scale=+0.3819 resid=5.7e-08
    bank  6 tied scale=+0.7638 resid=5.7e-08
    bank  7 tied scale=+1.528 resid=5.7e-08
    bank  8 tied scale=+3.055 resid=5.7e-08
    bank  9 tied scale=+6.11 resid=5.7e-08
  convert transformer.h.17.attn.av_matmul matmul     range=[0,1], [-7.46,7.55]
  reuse   transformer.h.17.ln_2            (layernorm: mbe_pasn)
  reuse   transformer.h.17.mlp.act         (activation: gelu_tanh)
  reuse   transformer.h.18.ln_1            (layernorm: mbe_pasn)
  fitting transformer.h.18.attn.qk_matmul  (matmul)
    bank  1 tied scale=+0.02387 resid=5.7e-08
    bank  2 tied scale=+0.04774 resid=5.7e-08
    bank  3 tied scale=+0.09547 resid=5.7e-08
    bank  4 tied scale=+0.1909 resid=5.7e-08
    bank  5 tied scale=+0.3819 resid=5.7e-08
    bank  6 tied scale=+0.7638 resid=5.7e-08
    bank  7 tied scale=+1.528 resid=5.7e-08
    bank  8 tied scale=+3.055 resid=5.7e-08
    bank  9 tied scale=+6.11 resid=5.7e-08
    bank 10 tied scale=+12.22 resid=5.7e-08
    bank  1 tied scale=+0.02387 resid=5.7e-08
    bank  2 tied scale=+0.04774 resid=5.7e-08
    bank  3 tied scale=+0.09547 resid=5.7e-08
    bank  4 tied scale=+0.1909 resid=5.7e-08
    bank  5 tied scale=+0.3819 resid=5.7e-08
    bank  6 tied scale=+0.7638 resid=5.7e-08
    bank  7 tied scale=+1.528 resid=5.7e-08
    bank  8 tied scale=+3.055 resid=5.7e-08
    bank  9 tied scale=+6.11 resid=5.7e-08
    bank 10 tied scale=+12.22 resid=5.7e-08
    bank 11 tied scale=+24.44 resid=5.7e-08
  convert transformer.h.18.attn.qk_matmul matmul     range=[-9.99,10.2], [-15.8,16.4]
  fitting transformer.h.18.attn.attn_softmax (softmax)
    bank  0/ 3 near0 s=+1       N=1 T=16 mse=1.23e-07
    bank  1/ 3 mag s=+1 e=-3    N=1 T=16 mse=1.66e-07
    bank  2/ 3 mag s=+1 e=-2    N=1 T=16 mse=6.12e-07
    bank  3/ 3 mag s=+1 e=-1    N=2 T=16 mse=3.75e-07
    bank  0/ 6 near0 s=+1       N=1 T=16 mse=1.31e-08
    bank  1/ 6 mag s=+1 e=-7    N=1 T=16 mse=1.60e-08
    bank  2/ 6 mag s=+1 e=-6    N=1 T=16 mse=4.60e-08
    bank  3/ 6 mag s=+1 e=-5    N=1 T=16 mse=1.19e-07
    bank  4/ 6 mag s=+1 e=-4    N=1 T=16 mse=2.81e-07
    bank  5/ 6 mag s=+1 e=-3    N=1 T=16 mse=1.52e-06
    bank  6/ 6 mag s=+1 e=-2    N=1 T=16 mse=6.45e-07
    bank  1 tied scale=+0.02387 resid=5.7e-08
    bank  2 tied scale=+0.04774 resid=5.7e-08
    bank  3 tied scale=+0.09547 resid=5.7e-08
    bank  4 tied scale=+0.1909 resid=5.7e-08
    bank  5 tied scale=+0.3819 resid=5.7e-08
    bank  6 tied scale=+0.7638 resid=5.7e-08
  convert transformer.h.18.attn.attn_softmax softmax    range=[-3.4e+38,15.3]
  fitting transformer.h.18.attn.av_matmul  (matmul)
    bank  1 tied scale=+0.02387 resid=5.7e-08
    bank  2 tied scale=+0.04774 resid=5.7e-08
    bank  3 tied scale=+0.09547 resid=5.7e-08
    bank  4 tied scale=+0.1909 resid=5.7e-08
    bank  5 tied scale=+0.3819 resid=5.7e-08
    bank  6 tied scale=+0.7638 resid=5.7e-08
    bank  7 tied scale=+1.528 resid=5.7e-08
    bank  1 tied scale=+0.02387 resid=5.7e-08
    bank  2 tied scale=+0.04774 resid=5.7e-08
    bank  3 tied scale=+0.09547 resid=5.7e-08
    bank  4 tied scale=+0.1909 resid=5.7e-08
    bank  5 tied scale=+0.3819 resid=5.7e-08
    bank  6 tied scale=+0.7638 resid=5.7e-08
    bank  7 tied scale=+1.528 resid=5.7e-08
    bank  8 tied scale=+3.055 resid=5.7e-08
    bank  9 tied scale=+6.11 resid=5.7e-08
  convert transformer.h.18.attn.av_matmul matmul     range=[0,1], [-7,6.92]
  reuse   transformer.h.18.ln_2            (layernorm: mbe_pasn)
  reuse   transformer.h.18.mlp.act         (activation: gelu_tanh)
  reuse   transformer.h.19.ln_1            (layernorm: mbe_pasn)
  fitting transformer.h.19.attn.qk_matmul  (matmul)
    bank  1 tied scale=+0.02387 resid=5.7e-08
    bank  2 tied scale=+0.04774 resid=5.7e-08
    bank  3 tied scale=+0.09547 resid=5.7e-08
    bank  4 tied scale=+0.1909 resid=5.7e-08
    bank  5 tied scale=+0.3819 resid=5.7e-08
    bank  6 tied scale=+0.7638 resid=5.7e-08
    bank  7 tied scale=+1.528 resid=5.7e-08
    bank  8 tied scale=+3.055 resid=5.7e-08
    bank  9 tied scale=+6.11 resid=5.7e-08
    bank 10 tied scale=+12.22 resid=5.7e-08
    bank  1 tied scale=+0.02387 resid=5.7e-08
    bank  2 tied scale=+0.04774 resid=5.7e-08
    bank  3 tied scale=+0.09547 resid=5.7e-08
    bank  4 tied scale=+0.1909 resid=5.7e-08
    bank  5 tied scale=+0.3819 resid=5.7e-08
    bank  6 tied scale=+0.7638 resid=5.7e-08
    bank  7 tied scale=+1.528 resid=5.7e-08
    bank  8 tied scale=+3.055 resid=5.7e-08
    bank  9 tied scale=+6.11 resid=5.7e-08
    bank 10 tied scale=+12.22 resid=5.7e-08
  convert transformer.h.19.attn.qk_matmul matmul     range=[-8.35,9.35], [-10.6,10.9]
  fitting transformer.h.19.attn.attn_softmax (softmax)
    bank  0/ 3 near0 s=+1       N=1 T=16 mse=1.23e-07
    bank  1/ 3 mag s=+1 e=-3    N=1 T=16 mse=1.66e-07
    bank  2/ 3 mag s=+1 e=-2    N=1 T=16 mse=6.12e-07
    bank  3/ 3 mag s=+1 e=-1    N=2 T=16 mse=3.75e-07
    bank  0/ 6 near0 s=+1       N=1 T=16 mse=1.31e-08
    bank  1/ 6 mag s=+1 e=-7    N=1 T=16 mse=1.60e-08
    bank  2/ 6 mag s=+1 e=-6    N=1 T=16 mse=4.60e-08
    bank  3/ 6 mag s=+1 e=-5    N=1 T=16 mse=1.19e-07
    bank  4/ 6 mag s=+1 e=-4    N=1 T=16 mse=2.81e-07
    bank  5/ 6 mag s=+1 e=-3    N=1 T=16 mse=1.52e-06
    bank  6/ 6 mag s=+1 e=-2    N=1 T=16 mse=6.45e-07
    bank  1 tied scale=+0.02387 resid=5.7e-08
    bank  2 tied scale=+0.04774 resid=5.7e-08
    bank  3 tied scale=+0.09547 resid=5.7e-08
    bank  4 tied scale=+0.1909 resid=5.7e-08
    bank  5 tied scale=+0.3819 resid=5.7e-08
    bank  6 tied scale=+0.7638 resid=5.7e-08
  convert transformer.h.19.attn.attn_softmax softmax    range=[-3.4e+38,12.6]
  fitting transformer.h.19.attn.av_matmul  (matmul)
    bank  1 tied scale=+0.02387 resid=5.7e-08
    bank  2 tied scale=+0.04774 resid=5.7e-08
    bank  3 tied scale=+0.09547 resid=5.7e-08
    bank  4 tied scale=+0.1909 resid=5.7e-08
    bank  5 tied scale=+0.3819 resid=5.7e-08
    bank  6 tied scale=+0.7638 resid=5.7e-08
    bank  7 tied scale=+1.528 resid=5.7e-08
    bank  1 tied scale=+0.02387 resid=5.7e-08
    bank  2 tied scale=+0.04774 resid=5.7e-08
    bank  3 tied scale=+0.09547 resid=5.7e-08
    bank  4 tied scale=+0.1909 resid=5.7e-08
    bank  5 tied scale=+0.3819 resid=5.7e-08
    bank  6 tied scale=+0.7638 resid=5.7e-08
    bank  7 tied scale=+1.528 resid=5.7e-08
    bank  8 tied scale=+3.055 resid=5.7e-08
    bank  9 tied scale=+6.11 resid=5.7e-08
    bank 10 tied scale=+12.22 resid=5.7e-08
  convert transformer.h.19.attn.av_matmul matmul     range=[0,1], [-9.25,8.71]
  reuse   transformer.h.19.ln_2            (layernorm: mbe_pasn)
  reuse   transformer.h.19.mlp.act         (activation: gelu_tanh)
  reuse   transformer.h.20.ln_1            (layernorm: mbe_pasn)
  fitting transformer.h.20.attn.qk_matmul  (matmul)
    bank  1 tied scale=+0.02387 resid=5.7e-08
    bank  2 tied scale=+0.04774 resid=5.7e-08
    bank  3 tied scale=+0.09547 resid=5.7e-08
    bank  4 tied scale=+0.1909 resid=5.7e-08
    bank  5 tied scale=+0.3819 resid=5.7e-08
    bank  6 tied scale=+0.7638 resid=5.7e-08
    bank  7 tied scale=+1.528 resid=5.7e-08
    bank  8 tied scale=+3.055 resid=5.7e-08
    bank  9 tied scale=+6.11 resid=5.7e-08
    bank 10 tied scale=+12.22 resid=5.7e-08
    bank  1 tied scale=+0.02387 resid=5.7e-08
    bank  2 tied scale=+0.04774 resid=5.7e-08
    bank  3 tied scale=+0.09547 resid=5.7e-08
    bank  4 tied scale=+0.1909 resid=5.7e-08
    bank  5 tied scale=+0.3819 resid=5.7e-08
    bank  6 tied scale=+0.7638 resid=5.7e-08
    bank  7 tied scale=+1.528 resid=5.7e-08
    bank  8 tied scale=+3.055 resid=5.7e-08
    bank  9 tied scale=+6.11 resid=5.7e-08
    bank 10 tied scale=+12.22 resid=5.7e-08
  convert transformer.h.20.attn.qk_matmul matmul     range=[-8.78,9.45], [-10.9,11.1]
  fitting transformer.h.20.attn.attn_softmax (softmax)
    bank  0/ 3 near0 s=+1       N=1 T=16 mse=1.23e-07
    bank  1/ 3 mag s=+1 e=-3    N=1 T=16 mse=1.66e-07
    bank  2/ 3 mag s=+1 e=-2    N=1 T=16 mse=6.12e-07
    bank  3/ 3 mag s=+1 e=-1    N=2 T=16 mse=3.75e-07
    bank  0/ 6 near0 s=+1       N=1 T=16 mse=1.31e-08
    bank  1/ 6 mag s=+1 e=-7    N=1 T=16 mse=1.60e-08
    bank  2/ 6 mag s=+1 e=-6    N=1 T=16 mse=4.60e-08
    bank  3/ 6 mag s=+1 e=-5    N=1 T=16 mse=1.19e-07
    bank  4/ 6 mag s=+1 e=-4    N=1 T=16 mse=2.81e-07
    bank  5/ 6 mag s=+1 e=-3    N=1 T=16 mse=1.52e-06
    bank  6/ 6 mag s=+1 e=-2    N=1 T=16 mse=6.45e-07
    bank  1 tied scale=+0.02387 resid=5.7e-08
    bank  2 tied scale=+0.04774 resid=5.7e-08
    bank  3 tied scale=+0.09547 resid=5.7e-08
    bank  4 tied scale=+0.1909 resid=5.7e-08
    bank  5 tied scale=+0.3819 resid=5.7e-08
    bank  6 tied scale=+0.7638 resid=5.7e-08
  convert transformer.h.20.attn.attn_softmax softmax    range=[-3.4e+38,11.6]
  fitting transformer.h.20.attn.av_matmul  (matmul)
    bank  1 tied scale=+0.02387 resid=5.7e-08
    bank  2 tied scale=+0.04774 resid=5.7e-08
    bank  3 tied scale=+0.09547 resid=5.7e-08
    bank  4 tied scale=+0.1909 resid=5.7e-08
    bank  5 tied scale=+0.3819 resid=5.7e-08
    bank  6 tied scale=+0.7638 resid=5.7e-08
    bank  7 tied scale=+1.528 resid=5.7e-08
    bank  1 tied scale=+0.02387 resid=5.7e-08
    bank  2 tied scale=+0.04774 resid=5.7e-08
    bank  3 tied scale=+0.09547 resid=5.7e-08
    bank  4 tied scale=+0.1909 resid=5.7e-08
    bank  5 tied scale=+0.3819 resid=5.7e-08
    bank  6 tied scale=+0.7638 resid=5.7e-08
    bank  7 tied scale=+1.528 resid=5.7e-08
    bank  8 tied scale=+3.055 resid=5.7e-08
    bank  9 tied scale=+6.11 resid=5.7e-08
    bank 10 tied scale=+12.22 resid=5.7e-08
  convert transformer.h.20.attn.av_matmul matmul     range=[0,1], [-11.1,10.9]
  reuse   transformer.h.20.ln_2            (layernorm: mbe_pasn)
  reuse   transformer.h.20.mlp.act         (activation: gelu_tanh)
  reuse   transformer.h.21.ln_1            (layernorm: mbe_pasn)
  fitting transformer.h.21.attn.qk_matmul  (matmul)
    bank  1 tied scale=+0.02387 resid=5.7e-08
    bank  2 tied scale=+0.04774 resid=5.7e-08
    bank  3 tied scale=+0.09547 resid=5.7e-08
    bank  4 tied scale=+0.1909 resid=5.7e-08
    bank  5 tied scale=+0.3819 resid=5.7e-08
    bank  6 tied scale=+0.7638 resid=5.7e-08
    bank  7 tied scale=+1.528 resid=5.7e-08
    bank  8 tied scale=+3.055 resid=5.7e-08
    bank  9 tied scale=+6.11 resid=5.7e-08
    bank 10 tied scale=+12.22 resid=5.7e-08
    bank  1 tied scale=+0.02387 resid=5.7e-08
    bank  2 tied scale=+0.04774 resid=5.7e-08
    bank  3 tied scale=+0.09547 resid=5.7e-08
    bank  4 tied scale=+0.1909 resid=5.7e-08
    bank  5 tied scale=+0.3819 resid=5.7e-08
    bank  6 tied scale=+0.7638 resid=5.7e-08
    bank  7 tied scale=+1.528 resid=5.7e-08
    bank  8 tied scale=+3.055 resid=5.7e-08
    bank  9 tied scale=+6.11 resid=5.7e-08
    bank 10 tied scale=+12.22 resid=5.7e-08
  convert transformer.h.21.attn.qk_matmul matmul     range=[-9.72,9.13], [-12.5,11.1]
  fitting transformer.h.21.attn.attn_softmax (softmax)
    bank  0/ 3 near0 s=+1       N=1 T=16 mse=1.23e-07
    bank  1/ 3 mag s=+1 e=-3    N=1 T=16 mse=1.66e-07
    bank  2/ 3 mag s=+1 e=-2    N=1 T=16 mse=6.12e-07
    bank  3/ 3 mag s=+1 e=-1    N=2 T=16 mse=3.75e-07
    bank  0/ 6 near0 s=+1       N=1 T=16 mse=1.31e-08
    bank  1/ 6 mag s=+1 e=-7    N=1 T=16 mse=1.60e-08
    bank  2/ 6 mag s=+1 e=-6    N=1 T=16 mse=4.60e-08
    bank  3/ 6 mag s=+1 e=-5    N=1 T=16 mse=1.19e-07
    bank  4/ 6 mag s=+1 e=-4    N=1 T=16 mse=2.81e-07
    bank  5/ 6 mag s=+1 e=-3    N=1 T=16 mse=1.52e-06
    bank  6/ 6 mag s=+1 e=-2    N=1 T=16 mse=6.45e-07
    bank  1 tied scale=+0.02387 resid=5.7e-08
    bank  2 tied scale=+0.04774 resid=5.7e-08
    bank  3 tied scale=+0.09547 resid=5.7e-08
    bank  4 tied scale=+0.1909 resid=5.7e-08
    bank  5 tied scale=+0.3819 resid=5.7e-08
    bank  6 tied scale=+0.7638 resid=5.7e-08
  convert transformer.h.21.attn.attn_softmax softmax    range=[-3.4e+38,15.9]
  fitting transformer.h.21.attn.av_matmul  (matmul)
    bank  1 tied scale=+0.02387 resid=5.7e-08
    bank  2 tied scale=+0.04774 resid=5.7e-08
    bank  3 tied scale=+0.09547 resid=5.7e-08
    bank  4 tied scale=+0.1909 resid=5.7e-08
    bank  5 tied scale=+0.3819 resid=5.7e-08
    bank  6 tied scale=+0.7638 resid=5.7e-08
    bank  7 tied scale=+1.528 resid=5.7e-08
    bank  1 tied scale=+0.02387 resid=5.7e-08
    bank  2 tied scale=+0.04774 resid=5.7e-08
    bank  3 tied scale=+0.09547 resid=5.7e-08
    bank  4 tied scale=+0.1909 resid=5.7e-08
    bank  5 tied scale=+0.3819 resid=5.7e-08
    bank  6 tied scale=+0.7638 resid=5.7e-08
    bank  7 tied scale=+1.528 resid=5.7e-08
    bank  8 tied scale=+3.055 resid=5.7e-08
    bank  9 tied scale=+6.11 resid=5.7e-08
    bank 10 tied scale=+12.22 resid=5.7e-08
  convert transformer.h.21.attn.av_matmul matmul     range=[0,1], [-9.35,10.7]
  reuse   transformer.h.21.ln_2            (layernorm: mbe_pasn)
  reuse   transformer.h.21.mlp.act         (activation: gelu_tanh)
  reuse   transformer.h.22.ln_1            (layernorm: mbe_pasn)
  fitting transformer.h.22.attn.qk_matmul  (matmul)
    bank  1 tied scale=+0.02387 resid=5.7e-08
    bank  2 tied scale=+0.04774 resid=5.7e-08
    bank  3 tied scale=+0.09547 resid=5.7e-08
    bank  4 tied scale=+0.1909 resid=5.7e-08
    bank  5 tied scale=+0.3819 resid=5.7e-08
    bank  6 tied scale=+0.7638 resid=5.7e-08
    bank  7 tied scale=+1.528 resid=5.7e-08
    bank  8 tied scale=+3.055 resid=5.7e-08
    bank  9 tied scale=+6.11 resid=5.7e-08
    bank 10 tied scale=+12.22 resid=5.7e-08
    bank  1 tied scale=+0.02387 resid=5.7e-08
    bank  2 tied scale=+0.04774 resid=5.7e-08
    bank  3 tied scale=+0.09547 resid=5.7e-08
    bank  4 tied scale=+0.1909 resid=5.7e-08
    bank  5 tied scale=+0.3819 resid=5.7e-08
    bank  6 tied scale=+0.7638 resid=5.7e-08
    bank  7 tied scale=+1.528 resid=5.7e-08
    bank  8 tied scale=+3.055 resid=5.7e-08
    bank  9 tied scale=+6.11 resid=5.7e-08
    bank 10 tied scale=+12.22 resid=5.7e-08
  convert transformer.h.22.attn.qk_matmul matmul     range=[-8.71,8.87], [-9.65,9.91]
  fitting transformer.h.22.attn.attn_softmax (softmax)
    bank  0/ 3 near0 s=+1       N=1 T=16 mse=1.23e-07
    bank  1/ 3 mag s=+1 e=-3    N=1 T=16 mse=1.66e-07
    bank  2/ 3 mag s=+1 e=-2    N=1 T=16 mse=6.12e-07
    bank  3/ 3 mag s=+1 e=-1    N=2 T=16 mse=3.75e-07
    bank  0/ 6 near0 s=+1       N=1 T=16 mse=1.31e-08
    bank  1/ 6 mag s=+1 e=-7    N=1 T=16 mse=1.60e-08
    bank  2/ 6 mag s=+1 e=-6    N=1 T=16 mse=4.60e-08
    bank  3/ 6 mag s=+1 e=-5    N=1 T=16 mse=1.19e-07
    bank  4/ 6 mag s=+1 e=-4    N=1 T=16 mse=2.81e-07
    bank  5/ 6 mag s=+1 e=-3    N=1 T=16 mse=1.52e-06
    bank  6/ 6 mag s=+1 e=-2    N=1 T=16 mse=6.45e-07
    bank  1 tied scale=+0.02387 resid=5.7e-08
    bank  2 tied scale=+0.04774 resid=5.7e-08
    bank  3 tied scale=+0.09547 resid=5.7e-08
    bank  4 tied scale=+0.1909 resid=5.7e-08
    bank  5 tied scale=+0.3819 resid=5.7e-08
    bank  6 tied scale=+0.7638 resid=5.7e-08
  convert transformer.h.22.attn.attn_softmax softmax    range=[-3.4e+38,26.1]
  fitting transformer.h.22.attn.av_matmul  (matmul)
    bank  1 tied scale=+0.02387 resid=5.7e-08
    bank  2 tied scale=+0.04774 resid=5.7e-08
    bank  3 tied scale=+0.09547 resid=5.7e-08
    bank  4 tied scale=+0.1909 resid=5.7e-08
    bank  5 tied scale=+0.3819 resid=5.7e-08
    bank  6 tied scale=+0.7638 resid=5.7e-08
    bank  7 tied scale=+1.528 resid=5.7e-08
    bank  1 tied scale=+0.02387 resid=5.7e-08
    bank  2 tied scale=+0.04774 resid=5.7e-08
    bank  3 tied scale=+0.09547 resid=5.7e-08
    bank  4 tied scale=+0.1909 resid=5.7e-08
    bank  5 tied scale=+0.3819 resid=5.7e-08
    bank  6 tied scale=+0.7638 resid=5.7e-08
    bank  7 tied scale=+1.528 resid=5.7e-08
    bank  8 tied scale=+3.055 resid=5.7e-08
    bank  9 tied scale=+6.11 resid=5.7e-08
    bank 10 tied scale=+12.22 resid=5.7e-08
  convert transformer.h.22.attn.av_matmul matmul     range=[0,1], [-10.1,10.4]
  reuse   transformer.h.22.ln_2            (layernorm: mbe_pasn)
  reuse   transformer.h.22.mlp.act         (activation: gelu_tanh)
  reuse   transformer.h.23.ln_1            (layernorm: mbe_pasn)
  fitting transformer.h.23.attn.qk_matmul  (matmul)
    bank  1 tied scale=+0.02387 resid=5.7e-08
    bank  2 tied scale=+0.04774 resid=5.7e-08
    bank  3 tied scale=+0.09547 resid=5.7e-08
    bank  4 tied scale=+0.1909 resid=5.7e-08
    bank  5 tied scale=+0.3819 resid=5.7e-08
    bank  6 tied scale=+0.7638 resid=5.7e-08
    bank  7 tied scale=+1.528 resid=5.7e-08
    bank  8 tied scale=+3.055 resid=5.7e-08
    bank  9 tied scale=+6.11 resid=5.7e-08
    bank 10 tied scale=+12.22 resid=5.7e-08
    bank  1 tied scale=+0.02387 resid=5.7e-08
    bank  2 tied scale=+0.04774 resid=5.7e-08
    bank  3 tied scale=+0.09547 resid=5.7e-08
    bank  4 tied scale=+0.1909 resid=5.7e-08
    bank  5 tied scale=+0.3819 resid=5.7e-08
    bank  6 tied scale=+0.7638 resid=5.7e-08
    bank  7 tied scale=+1.528 resid=5.7e-08
    bank  8 tied scale=+3.055 resid=5.7e-08
    bank  9 tied scale=+6.11 resid=5.7e-08
    bank 10 tied scale=+12.22 resid=5.7e-08
  convert transformer.h.23.attn.qk_matmul matmul     range=[-9.99,8.44], [-8.7,8.25]
  fitting transformer.h.23.attn.attn_softmax (softmax)
    bank  0/ 3 near0 s=+1       N=1 T=16 mse=1.23e-07
    bank  1/ 3 mag s=+1 e=-3    N=1 T=16 mse=1.66e-07
    bank  2/ 3 mag s=+1 e=-2    N=1 T=16 mse=6.12e-07
    bank  3/ 3 mag s=+1 e=-1    N=2 T=16 mse=3.75e-07
    bank  0/ 6 near0 s=+1       N=1 T=16 mse=1.31e-08
    bank  1/ 6 mag s=+1 e=-7    N=1 T=16 mse=1.60e-08
    bank  2/ 6 mag s=+1 e=-6    N=1 T=16 mse=4.60e-08
    bank  3/ 6 mag s=+1 e=-5    N=1 T=16 mse=1.19e-07
    bank  4/ 6 mag s=+1 e=-4    N=1 T=16 mse=2.81e-07
    bank  5/ 6 mag s=+1 e=-3    N=1 T=16 mse=1.52e-06
    bank  6/ 6 mag s=+1 e=-2    N=1 T=16 mse=6.45e-07
    bank  1 tied scale=+0.02387 resid=5.7e-08
    bank  2 tied scale=+0.04774 resid=5.7e-08
    bank  3 tied scale=+0.09547 resid=5.7e-08
    bank  4 tied scale=+0.1909 resid=5.7e-08
    bank  5 tied scale=+0.3819 resid=5.7e-08
    bank  6 tied scale=+0.7638 resid=5.7e-08
  convert transformer.h.23.attn.attn_softmax softmax    range=[-3.4e+38,25.3]
  fitting transformer.h.23.attn.av_matmul  (matmul)
    bank  1 tied scale=+0.02387 resid=5.7e-08
    bank  2 tied scale=+0.04774 resid=5.7e-08
    bank  3 tied scale=+0.09547 resid=5.7e-08
    bank  4 tied scale=+0.1909 resid=5.7e-08
    bank  5 tied scale=+0.3819 resid=5.7e-08
    bank  6 tied scale=+0.7638 resid=5.7e-08
    bank  7 tied scale=+1.528 resid=5.7e-08
    bank  1 tied scale=+0.02387 resid=5.7e-08
    bank  2 tied scale=+0.04774 resid=5.7e-08
    bank  3 tied scale=+0.09547 resid=5.7e-08
    bank  4 tied scale=+0.1909 resid=5.7e-08
    bank  5 tied scale=+0.3819 resid=5.7e-08
    bank  6 tied scale=+0.7638 resid=5.7e-08
    bank  7 tied scale=+1.528 resid=5.7e-08
    bank  8 tied scale=+3.055 resid=5.7e-08
    bank  9 tied scale=+6.11 resid=5.7e-08
    bank 10 tied scale=+12.22 resid=5.7e-08
  convert transformer.h.23.attn.av_matmul matmul     range=[0,1], [-12.5,11.7]
  reuse   transformer.h.23.ln_2            (layernorm: mbe_pasn)
  reuse   transformer.h.23.mlp.act         (activation: gelu_tanh)
  reuse   transformer.ln_f                 (layernorm: mbe_pasn)
[build] conversion took 87.7 min
[cost mbe_pasn] activations=24  T=16  stored bases/act=33  active bases/input=1.01  activation spikes/input=3.82
[spikes mbe_pasn] total=2.401e+09 over 512 model-input elements  ->  4690320.83 spikes per input element
    matmul      48.3%  1.161e+09 spikes over 96 primitive(s)
    softmax     33.5%  8.047e+08 spikes over 72 primitive(s)
    layernorm   10.0%  2.410e+08 spikes over 147 primitive(s)
    activation   8.1%  1.951e+08 spikes over 24 primitive(s)
    [ops/input] cmp=34944050.4 ac=9380641.7 router=8004390.0 mac=2529199.8 bitop=1334065.0 poly=345196.7
    [energy]    60318397.8 pJ per input element (45 nm model, mbe.metrics.OP_ENERGY_PJ)
[store mbe_pasn] params=13472  bytes=53888  primitives=339  (naive=120092, shared 2.23x)  roles={'alpha': 7328, 'bias': 5208, 'readout': 12040, 'tau': 29312}
  [SNN-mbe_pasn s=1024] win 10/281  0.04 win/s  ETA 108.3 min
  [SNN-mbe_pasn s=1024] win 20/281  0.04 win/s  ETA 104.3 min
  [SNN-mbe_pasn s=1024] win 30/281  0.04 win/s  ETA 100.3 min
  [SNN-mbe_pasn s=1024] win 40/281  0.04 win/s  ETA 96.3 min
  [SNN-mbe_pasn s=1024] win 50/281  0.04 win/s  ETA 92.3 min
  [SNN-mbe_pasn s=1024] win 60/281  0.04 win/s  ETA 88.3 min
  [SNN-mbe_pasn s=1024] win 70/281  0.04 win/s  ETA 84.3 min
  [SNN-mbe_pasn s=1024] win 80/281  0.04 win/s  ETA 80.3 min
  [SNN-mbe_pasn s=1024] win 90/281  0.04 win/s  ETA 76.3 min
  [SNN-mbe_pasn s=1024] win 100/281  0.04 win/s  ETA 72.3 min
  [SNN-mbe_pasn s=1024] win 110/281  0.04 win/s  ETA 68.3 min
  [SNN-mbe_pasn s=1024] win 120/281  0.04 win/s  ETA 64.3 min
  [SNN-mbe_pasn s=1024] win 130/281  0.04 win/s  ETA 60.3 min
  [SNN-mbe_pasn s=1024] win 140/281  0.04 win/s  ETA 56.3 min
  [SNN-mbe_pasn s=1024] win 150/281  0.04 win/s  ETA 52.3 min
  [SNN-mbe_pasn s=1024] win 160/281  0.04 win/s  ETA 48.3 min
  [SNN-mbe_pasn s=1024] win 170/281  0.04 win/s  ETA 44.3 min
  [SNN-mbe_pasn s=1024] win 180/281  0.04 win/s  ETA 40.3 min
  [SNN-mbe_pasn s=1024] win 190/281  0.04 win/s  ETA 36.4 min
  [SNN-mbe_pasn s=1024] win 200/281  0.04 win/s  ETA 32.4 min
  [SNN-mbe_pasn s=1024] win 210/281  0.04 win/s  ETA 28.4 min
  [SNN-mbe_pasn s=1024] win 220/281  0.04 win/s  ETA 24.4 min
  [SNN-mbe_pasn s=1024] win 230/281  0.04 win/s  ETA 20.4 min
  [SNN-mbe_pasn s=1024] win 240/281  0.04 win/s  ETA 16.4 min
  [SNN-mbe_pasn s=1024] win 250/281  0.04 win/s  ETA 12.4 min
  [SNN-mbe_pasn s=1024] win 260/281  0.04 win/s  ETA 8.4 min
  [SNN-mbe_pasn s=1024] win 270/281  0.04 win/s  ETA 4.4 min
  [SNN-mbe_pasn s=1024] win 280/281  0.04 win/s  ETA 0.4 min
  [SNN-mbe_pasn s=1024] win 281/281  0.04 win/s  ETA 0.0 min
SNN (mbe_pasn) perplexity = 21.6652   (delta -0.19%)  [stride=1024]
[json] wrote record 1 to results/freeze_e1.json
=== E1 alloc arm, global T=8 ===
Warning: You are sending unauthenticated requests to the HF Hub. Please set a HF_TOKEN to enable higher rate limits and faster downloads.
Loading weights:   0%|          | 0/292 [00:00<?, ?it/s]Loading weights: 100%|██████████| 292/292 [00:00<00:00, 4361.92it/s]
[transformers] Token indices sequence length is longer than the specified maximum sequence length for this model (287644 > 1024). Running this sequence through the model will result in indexing errors
[transformers] `loss_type=None` was set in the config but it is unrecognized. Using the default loss: `ForCausalLMLoss`.
  [ANN s=1024] win 10/281  10.88 win/s  ETA 0.4 min
  [ANN s=1024] win 20/281  11.44 win/s  ETA 0.4 min
  [ANN s=1024] win 30/281  11.63 win/s  ETA 0.4 min
  [ANN s=1024] win 40/281  11.73 win/s  ETA 0.3 min
  [ANN s=1024] win 50/281  11.79 win/s  ETA 0.3 min
  [ANN s=1024] win 60/281  11.83 win/s  ETA 0.3 min
  [ANN s=1024] win 70/281  11.86 win/s  ETA 0.3 min
  [ANN s=1024] win 80/281  11.88 win/s  ETA 0.3 min
  [ANN s=1024] win 90/281  11.89 win/s  ETA 0.3 min
  [ANN s=1024] win 100/281  11.91 win/s  ETA 0.3 min
  [ANN s=1024] win 110/281  11.92 win/s  ETA 0.2 min
  [ANN s=1024] win 120/281  11.93 win/s  ETA 0.2 min
  [ANN s=1024] win 130/281  11.93 win/s  ETA 0.2 min
  [ANN s=1024] win 140/281  11.94 win/s  ETA 0.2 min
  [ANN s=1024] win 150/281  11.94 win/s  ETA 0.2 min
  [ANN s=1024] win 160/281  11.95 win/s  ETA 0.2 min
  [ANN s=1024] win 170/281  11.95 win/s  ETA 0.2 min
  [ANN s=1024] win 180/281  11.95 win/s  ETA 0.1 min
  [ANN s=1024] win 190/281  11.95 win/s  ETA 0.1 min
  [ANN s=1024] win 200/281  11.95 win/s  ETA 0.1 min
  [ANN s=1024] win 210/281  11.96 win/s  ETA 0.1 min
  [ANN s=1024] win 220/281  11.96 win/s  ETA 0.1 min
  [ANN s=1024] win 230/281  11.96 win/s  ETA 0.1 min
  [ANN s=1024] win 240/281  11.96 win/s  ETA 0.1 min
  [ANN s=1024] win 250/281  11.96 win/s  ETA 0.0 min
  [ANN s=1024] win 260/281  11.96 win/s  ETA 0.0 min
  [ANN s=1024] win 270/281  11.96 win/s  ETA 0.0 min
  [ANN s=1024] win 280/281  11.96 win/s  ETA 0.0 min
  [ANN s=1024] win 281/281  11.97 win/s  ETA 0.0 min
ANN (gpt2-medium) perplexity = 21.7058  [eval=sliding, ctx=1024, stride=1024]
marked 24 GELU activations; converting (backend=mbe_pasn) ...
marked 24 attention blocks (QK^T / softmax / attn*V); Stage 2
  fitting conversion primitives on cuda:0
  fitting transformer.h.0.ln_1             (layernorm)
    bank  0/ 3 unreachable      (outside (0.5, 2.0))
    bank  1/ 3 unreachable      (outside (0.5, 2.0))
    bank  2/ 3 mag s=+1 e=-1    N=1 T=8 mse=9.87e-06
    bank  3/ 3 mag s=+1 e=0     N=1 T=8 mse=4.92e-06
    bank  1 tied scale=+0.02387 resid=5.7e-08
    bank  2 tied scale=+0.04774 resid=5.7e-08
    bank  3 tied scale=+0.09547 resid=5.7e-08
    bank  4 tied scale=+0.1909 resid=5.7e-08
    bank  5 tied scale=+0.3819 resid=5.7e-08
    bank  6 tied scale=+0.7638 resid=5.7e-08
    bank  7 tied scale=+1.528 resid=5.7e-08
    bank  8 tied scale=+3.055 resid=5.7e-08
    bank  9 tied scale=+6.11 resid=5.7e-08
    bank 10 tied scale=+12.22 resid=5.7e-08
    bank 11 tied scale=+24.44 resid=5.7e-08
    bank 12 tied scale=+48.88 resid=5.7e-08
    bank 13 tied scale=+97.76 resid=5.7e-08
    bank 14 tied scale=+195.5 resid=5.7e-08
    bank 15 tied scale=+391 resid=5.7e-08
    bank 16 tied scale=+782.1 resid=5.7e-08
    bank 17 tied scale=+1564 resid=5.7e-08
    bank 18 tied scale=+3128 resid=5.7e-08
    bank 19 tied scale=+6257 resid=5.7e-08
    bank  1 tied scale=+0.02387 resid=5.7e-08
    bank  2 tied scale=+0.04774 resid=5.7e-08
    bank  3 tied scale=+0.09547 resid=5.7e-08
    bank  4 tied scale=+0.1909 resid=5.7e-08
    bank  5 tied scale=+0.3819 resid=5.7e-08
    bank  6 tied scale=+0.7638 resid=5.7e-08
    bank  7 tied scale=+1.528 resid=5.7e-08
    bank  8 tied scale=+3.055 resid=5.7e-08
    bank  9 tied scale=+6.11 resid=5.7e-08
    bank 10 tied scale=+12.22 resid=5.7e-08
  convert transformer.h.0.ln_1   layernorm  range=[-2.56,2.65]
  fitting transformer.h.0.attn.qk_matmul   (matmul)
    bank  1 tied scale=+0.02387 resid=5.7e-08
    bank  2 tied scale=+0.04774 resid=5.7e-08
    bank  3 tied scale=+0.09547 resid=5.7e-08
    bank  4 tied scale=+0.1909 resid=5.7e-08
    bank  5 tied scale=+0.3819 resid=5.7e-08
    bank  6 tied scale=+0.7638 resid=5.7e-08
    bank  7 tied scale=+1.528 resid=5.7e-08
    bank  8 tied scale=+3.055 resid=5.7e-08
    bank  9 tied scale=+6.11 resid=5.7e-08
    bank  1 tied scale=+0.02387 resid=5.7e-08
    bank  2 tied scale=+0.04774 resid=5.7e-08
    bank  3 tied scale=+0.09547 resid=5.7e-08
    bank  4 tied scale=+0.1909 resid=5.7e-08
    bank  5 tied scale=+0.3819 resid=5.7e-08
    bank  6 tied scale=+0.7638 resid=5.7e-08
    bank  7 tied scale=+1.528 resid=5.7e-08
    bank  8 tied scale=+3.055 resid=5.7e-08
    bank  9 tied scale=+6.11 resid=5.7e-08
  convert transformer.h.0.attn.qk_matmul matmul     range=[-5.06,5.23], [-5.71,6.2]
  fitting transformer.h.0.attn.attn_softmax (softmax)
    bank  0/ 3 near0 s=+1       N=1 T=4 mse=3.04e-06
    bank  1/ 3 mag s=+1 e=-3    N=1 T=4 mse=3.63e-06
    bank  2/ 3 mag s=+1 e=-2    N=1 T=8 mse=1.67e-06
    bank  3/ 3 mag s=+1 e=-1    N=2 T=8 mse=9.62e-06
    bank  0/ 6 near0 s=+1       N=1 T=2 mse=4.94e-06
    bank  1/ 6 mag s=+1 e=-7    N=1 T=2 mse=4.65e-06
    bank  2/ 6 mag s=+1 e=-6    N=1 T=3 mse=4.32e-06
    bank  3/ 6 mag s=+1 e=-5    N=1 T=4 mse=3.89e-06
    bank  4/ 6 mag s=+1 e=-4    N=1 T=6 mse=1.57e-06
    bank  5/ 6 mag s=+1 e=-3    N=1 T=8 mse=1.20e-06
    bank  6/ 6 mag s=+1 e=-2    N=1 T=8 mse=4.51e-06
    bank  1 tied scale=+0.02387 resid=5.7e-08
    bank  2 tied scale=+0.04774 resid=5.7e-08
    bank  3 tied scale=+0.09547 resid=5.7e-08
    bank  4 tied scale=+0.1909 resid=5.7e-08
    bank  5 tied scale=+0.3819 resid=5.7e-08
    bank  6 tied scale=+0.7638 resid=5.7e-08
  convert transformer.h.0.attn.attn_softmax softmax    range=[-3.4e+38,9.48]
  fitting transformer.h.0.attn.av_matmul   (matmul)
    bank  1 tied scale=+0.02387 resid=5.7e-08
    bank  2 tied scale=+0.04774 resid=5.7e-08
    bank  3 tied scale=+0.09547 resid=5.7e-08
    bank  4 tied scale=+0.1909 resid=5.7e-08
    bank  5 tied scale=+0.3819 resid=5.7e-08
    bank  6 tied scale=+0.7638 resid=5.7e-08
    bank  7 tied scale=+1.528 resid=5.7e-08
    bank  1 tied scale=+0.02387 resid=5.7e-08
    bank  2 tied scale=+0.04774 resid=5.7e-08
    bank  3 tied scale=+0.09547 resid=5.7e-08
    bank  4 tied scale=+0.1909 resid=5.7e-08
    bank  5 tied scale=+0.3819 resid=5.7e-08
    bank  6 tied scale=+0.7638 resid=5.7e-08
  convert transformer.h.0.attn.av_matmul matmul     range=[0,1], [-0.651,0.638]
  reuse   transformer.h.0.ln_2             (layernorm: mbe_pasn)
  fitting transformer.h.0.mlp.act          (activation)
    bank  0/21 near0 s=-1       N=1 T=3 mse=4.16e-06
    bank  1/21 near0 s=+1       N=1 T=3 mse=6.38e-06
    bank  2/21 mag s=-1 e=-3    N=1 T=2 mse=1.01e-05
    bank  3/21 mag s=-1 e=-2    N=1 T=3 mse=3.98e-06
    bank  4/21 mag s=-1 e=-1    N=1 T=2 mse=4.02e-06
    bank  5/21 mag s=-1 e=0     N=1 T=4 mse=5.53e-06
    bank  6/21 mag s=-1 e=1     N=1 T=2 mse=8.45e-06
    bank  7/21 mag s=-1 e=2     N=1 T=2 mse=1.71e-11
    bank  8/21 mag s=-1 e=3     N=1 T=2 mse=0.00e+00
    bank  9/21 mag s=-1 e=4     N=1 T=2 mse=0.00e+00
    bank 10/21 mag s=-1 e=5     N=1 T=2 mse=0.00e+00
    bank 11/21 unreachable      (outside (-39.13423042297363, 82.28855018615722))
    bank 12/21 mag s=+1 e=-3    N=1 T=3 mse=8.80e-06
    bank 13/21 mag s=+1 e=-2    N=1 T=6 mse=2.30e-06
    bank 14/21 mag s=+1 e=-1    N=1 T=8 mse=8.40e-06
    bank 15/21 mag s=+1 e=0     N=2 T=8 mse=1.37e-05
    bank 16/21 mag s=+1 e=1     N=2 T=8 mse=4.49e-04
    bank 17/21 mag s=+1 e=2     N=3 T=8 mse=9.55e-05
    bank 18/21 mag s=+1 e=3     N=3 T=8 mse=3.74e-04
    bank 19/21 mag s=+1 e=4     N=3 T=8 mse=1.57e-03
    bank 20/21 mag s=+1 e=5     N=3 T=8 mse=6.49e-03
    bank 21/21 mag s=+1 e=6     N=3 T=8 mse=1.88e-03
  convert transformer.h.0.mlp.act activation range=[-14.4,10.4]
  reuse   transformer.h.1.ln_1             (layernorm: mbe_pasn)
  fitting transformer.h.1.attn.qk_matmul   (matmul)
    bank  1 tied scale=+0.02387 resid=5.7e-08
    bank  2 tied scale=+0.04774 resid=5.7e-08
    bank  3 tied scale=+0.09547 resid=5.7e-08
    bank  4 tied scale=+0.1909 resid=5.7e-08
    bank  5 tied scale=+0.3819 resid=5.7e-08
    bank  6 tied scale=+0.7638 resid=5.7e-08
    bank  7 tied scale=+1.528 resid=5.7e-08
    bank  8 tied scale=+3.055 resid=5.7e-08
    bank  9 tied scale=+6.11 resid=5.7e-08
    bank  1 tied scale=+0.02387 resid=5.7e-08
    bank  2 tied scale=+0.04774 resid=5.7e-08
    bank  3 tied scale=+0.09547 resid=5.7e-08
    bank  4 tied scale=+0.1909 resid=5.7e-08
    bank  5 tied scale=+0.3819 resid=5.7e-08
    bank  6 tied scale=+0.7638 resid=5.7e-08
    bank  7 tied scale=+1.528 resid=5.7e-08
    bank  8 tied scale=+3.055 resid=5.7e-08
    bank  9 tied scale=+6.11 resid=5.7e-08
  convert transformer.h.1.attn.qk_matmul matmul     range=[-5.72,5.93], [-5.96,6.82]
  fitting transformer.h.1.attn.attn_softmax (softmax)
    bank  0/ 3 near0 s=+1       N=1 T=4 mse=3.04e-06
    bank  1/ 3 mag s=+1 e=-3    N=1 T=4 mse=3.63e-06
    bank  2/ 3 mag s=+1 e=-2    N=1 T=8 mse=1.67e-06
    bank  3/ 3 mag s=+1 e=-1    N=2 T=8 mse=9.62e-06
    bank  0/ 6 near0 s=+1       N=1 T=2 mse=4.94e-06
    bank  1/ 6 mag s=+1 e=-7    N=1 T=2 mse=4.65e-06
    bank  2/ 6 mag s=+1 e=-6    N=1 T=3 mse=4.32e-06
    bank  3/ 6 mag s=+1 e=-5    N=1 T=4 mse=3.89e-06
    bank  4/ 6 mag s=+1 e=-4    N=1 T=6 mse=1.57e-06
    bank  5/ 6 mag s=+1 e=-3    N=1 T=8 mse=1.20e-06
    bank  6/ 6 mag s=+1 e=-2    N=1 T=8 mse=4.51e-06
    bank  1 tied scale=+0.02387 resid=5.7e-08
    bank  2 tied scale=+0.04774 resid=5.7e-08
    bank  3 tied scale=+0.09547 resid=5.7e-08
    bank  4 tied scale=+0.1909 resid=5.7e-08
    bank  5 tied scale=+0.3819 resid=5.7e-08
    bank  6 tied scale=+0.7638 resid=5.7e-08
  convert transformer.h.1.attn.attn_softmax softmax    range=[-3.4e+38,13.6]
  fitting transformer.h.1.attn.av_matmul   (matmul)
    bank  1 tied scale=+0.02387 resid=5.7e-08
    bank  2 tied scale=+0.04774 resid=5.7e-08
    bank  3 tied scale=+0.09547 resid=5.7e-08
    bank  4 tied scale=+0.1909 resid=5.7e-08
    bank  5 tied scale=+0.3819 resid=5.7e-08
    bank  6 tied scale=+0.7638 resid=5.7e-08
    bank  7 tied scale=+1.528 resid=5.7e-08
    bank  1 tied scale=+0.02387 resid=5.7e-08
    bank  2 tied scale=+0.04774 resid=5.7e-08
    bank  3 tied scale=+0.09547 resid=5.7e-08
    bank  4 tied scale=+0.1909 resid=5.7e-08
    bank  5 tied scale=+0.3819 resid=5.7e-08
    bank  6 tied scale=+0.7638 resid=5.7e-08
    bank  7 tied scale=+1.528 resid=5.7e-08
    bank  8 tied scale=+3.055 resid=5.7e-08
    bank  9 tied scale=+6.11 resid=5.7e-08
  convert transformer.h.1.attn.av_matmul matmul     range=[0,1], [-4.7,4.86]
  reuse   transformer.h.1.ln_2             (layernorm: mbe_pasn)
  reuse   transformer.h.1.mlp.act          (activation: gelu_tanh)
  reuse   transformer.h.2.ln_1             (layernorm: mbe_pasn)
  fitting transformer.h.2.attn.qk_matmul   (matmul)
    bank  1 tied scale=+0.02387 resid=5.7e-08
    bank  2 tied scale=+0.04774 resid=5.7e-08
    bank  3 tied scale=+0.09547 resid=5.7e-08
    bank  4 tied scale=+0.1909 resid=5.7e-08
    bank  5 tied scale=+0.3819 resid=5.7e-08
    bank  6 tied scale=+0.7638 resid=5.7e-08
    bank  7 tied scale=+1.528 resid=5.7e-08
    bank  8 tied scale=+3.055 resid=5.7e-08
    bank  9 tied scale=+6.11 resid=5.7e-08
    bank 10 tied scale=+12.22 resid=5.7e-08
    bank  1 tied scale=+0.02387 resid=5.7e-08
    bank  2 tied scale=+0.04774 resid=5.7e-08
    bank  3 tied scale=+0.09547 resid=5.7e-08
    bank  4 tied scale=+0.1909 resid=5.7e-08
    bank  5 tied scale=+0.3819 resid=5.7e-08
    bank  6 tied scale=+0.7638 resid=5.7e-08
    bank  7 tied scale=+1.528 resid=5.7e-08
    bank  8 tied scale=+3.055 resid=5.7e-08
    bank  9 tied scale=+6.11 resid=5.7e-08
    bank 10 tied scale=+12.22 resid=5.7e-08
  convert transformer.h.2.attn.qk_matmul matmul     range=[-11.2,11.1], [-14.2,14.4]
  fitting transformer.h.2.attn.attn_softmax (softmax)
    bank  0/ 3 near0 s=+1       N=1 T=4 mse=3.04e-06
    bank  1/ 3 mag s=+1 e=-3    N=1 T=4 mse=3.63e-06
    bank  2/ 3 mag s=+1 e=-2    N=1 T=8 mse=1.67e-06
    bank  3/ 3 mag s=+1 e=-1    N=2 T=8 mse=9.62e-06
    bank  0/ 6 near0 s=+1       N=1 T=2 mse=4.94e-06
    bank  1/ 6 mag s=+1 e=-7    N=1 T=2 mse=4.65e-06
    bank  2/ 6 mag s=+1 e=-6    N=1 T=3 mse=4.32e-06
    bank  3/ 6 mag s=+1 e=-5    N=1 T=4 mse=3.89e-06
    bank  4/ 6 mag s=+1 e=-4    N=1 T=6 mse=1.57e-06
    bank  5/ 6 mag s=+1 e=-3    N=1 T=8 mse=1.20e-06
    bank  6/ 6 mag s=+1 e=-2    N=1 T=8 mse=4.51e-06
    bank  1 tied scale=+0.02387 resid=5.7e-08
    bank  2 tied scale=+0.04774 resid=5.7e-08
    bank  3 tied scale=+0.09547 resid=5.7e-08
    bank  4 tied scale=+0.1909 resid=5.7e-08
    bank  5 tied scale=+0.3819 resid=5.7e-08
    bank  6 tied scale=+0.7638 resid=5.7e-08
  convert transformer.h.2.attn.attn_softmax softmax    range=[-3.4e+38,20.4]
  fitting transformer.h.2.attn.av_matmul   (matmul)
    bank  1 tied scale=+0.02387 resid=5.7e-08
    bank  2 tied scale=+0.04774 resid=5.7e-08
    bank  3 tied scale=+0.09547 resid=5.7e-08
    bank  4 tied scale=+0.1909 resid=5.7e-08
    bank  5 tied scale=+0.3819 resid=5.7e-08
    bank  6 tied scale=+0.7638 resid=5.7e-08
    bank  7 tied scale=+1.528 resid=5.7e-08
    bank  1 tied scale=+0.02387 resid=5.7e-08
    bank  2 tied scale=+0.04774 resid=5.7e-08
    bank  3 tied scale=+0.09547 resid=5.7e-08
    bank  4 tied scale=+0.1909 resid=5.7e-08
    bank  5 tied scale=+0.3819 resid=5.7e-08
    bank  6 tied scale=+0.7638 resid=5.7e-08
    bank  7 tied scale=+1.528 resid=5.7e-08
    bank  8 tied scale=+3.055 resid=5.7e-08
    bank  9 tied scale=+6.11 resid=5.7e-08
  convert transformer.h.2.attn.av_matmul matmul     range=[0,1], [-4.73,7.59]
  reuse   transformer.h.2.ln_2             (layernorm: mbe_pasn)
  reuse   transformer.h.2.mlp.act          (activation: gelu_tanh)
  reuse   transformer.h.3.ln_1             (layernorm: mbe_pasn)
  fitting transformer.h.3.attn.qk_matmul   (matmul)
    bank  1 tied scale=+0.02387 resid=5.7e-08
    bank  2 tied scale=+0.04774 resid=5.7e-08
    bank  3 tied scale=+0.09547 resid=5.7e-08
    bank  4 tied scale=+0.1909 resid=5.7e-08
    bank  5 tied scale=+0.3819 resid=5.7e-08
    bank  6 tied scale=+0.7638 resid=5.7e-08
    bank  7 tied scale=+1.528 resid=5.7e-08
    bank  8 tied scale=+3.055 resid=5.7e-08
    bank  9 tied scale=+6.11 resid=5.7e-08
    bank 10 tied scale=+12.22 resid=5.7e-08
    bank  1 tied scale=+0.02387 resid=5.7e-08
    bank  2 tied scale=+0.04774 resid=5.7e-08
    bank  3 tied scale=+0.09547 resid=5.7e-08
    bank  4 tied scale=+0.1909 resid=5.7e-08
    bank  5 tied scale=+0.3819 resid=5.7e-08
    bank  6 tied scale=+0.7638 resid=5.7e-08
    bank  7 tied scale=+1.528 resid=5.7e-08
    bank  8 tied scale=+3.055 resid=5.7e-08
    bank  9 tied scale=+6.11 resid=5.7e-08
    bank 10 tied scale=+12.22 resid=5.7e-08
    bank 11 tied scale=+24.44 resid=5.7e-08
  convert transformer.h.3.attn.qk_matmul matmul     range=[-14,11.8], [-21.1,22.1]
  fitting transformer.h.3.attn.attn_softmax (softmax)
    bank  0/ 3 near0 s=+1       N=1 T=4 mse=3.04e-06
    bank  1/ 3 mag s=+1 e=-3    N=1 T=4 mse=3.63e-06
    bank  2/ 3 mag s=+1 e=-2    N=1 T=8 mse=1.67e-06
    bank  3/ 3 mag s=+1 e=-1    N=2 T=8 mse=9.62e-06
    bank  0/ 6 near0 s=+1       N=1 T=2 mse=4.94e-06
    bank  1/ 6 mag s=+1 e=-7    N=1 T=2 mse=4.65e-06
    bank  2/ 6 mag s=+1 e=-6    N=1 T=3 mse=4.32e-06
    bank  3/ 6 mag s=+1 e=-5    N=1 T=4 mse=3.89e-06
    bank  4/ 6 mag s=+1 e=-4    N=1 T=6 mse=1.57e-06
    bank  5/ 6 mag s=+1 e=-3    N=1 T=8 mse=1.20e-06
    bank  6/ 6 mag s=+1 e=-2    N=1 T=8 mse=4.51e-06
    bank  1 tied scale=+0.02387 resid=5.7e-08
    bank  2 tied scale=+0.04774 resid=5.7e-08
    bank  3 tied scale=+0.09547 resid=5.7e-08
    bank  4 tied scale=+0.1909 resid=5.7e-08
    bank  5 tied scale=+0.3819 resid=5.7e-08
    bank  6 tied scale=+0.7638 resid=5.7e-08
  convert transformer.h.3.attn.attn_softmax softmax    range=[-3.4e+38,16.9]
  fitting transformer.h.3.attn.av_matmul   (matmul)
    bank  1 tied scale=+0.02387 resid=5.7e-08
    bank  2 tied scale=+0.04774 resid=5.7e-08
    bank  3 tied scale=+0.09547 resid=5.7e-08
    bank  4 tied scale=+0.1909 resid=5.7e-08
    bank  5 tied scale=+0.3819 resid=5.7e-08
    bank  6 tied scale=+0.7638 resid=5.7e-08
    bank  7 tied scale=+1.528 resid=5.7e-08
    bank  1 tied scale=+0.02387 resid=5.7e-08
    bank  2 tied scale=+0.04774 resid=5.7e-08
    bank  3 tied scale=+0.09547 resid=5.7e-08
    bank  4 tied scale=+0.1909 resid=5.7e-08
    bank  5 tied scale=+0.3819 resid=5.7e-08
    bank  6 tied scale=+0.7638 resid=5.7e-08
    bank  7 tied scale=+1.528 resid=5.7e-08
    bank  8 tied scale=+3.055 resid=5.7e-08
    bank  9 tied scale=+6.11 resid=5.7e-08
  convert transformer.h.3.attn.av_matmul matmul     range=[0,1], [-5.26,4.91]
  reuse   transformer.h.3.ln_2             (layernorm: mbe_pasn)
  reuse   transformer.h.3.mlp.act          (activation: gelu_tanh)
  reuse   transformer.h.4.ln_1             (layernorm: mbe_pasn)
  fitting transformer.h.4.attn.qk_matmul   (matmul)
    bank  1 tied scale=+0.02387 resid=5.7e-08
    bank  2 tied scale=+0.04774 resid=5.7e-08
    bank  3 tied scale=+0.09547 resid=5.7e-08
    bank  4 tied scale=+0.1909 resid=5.7e-08
    bank  5 tied scale=+0.3819 resid=5.7e-08
    bank  6 tied scale=+0.7638 resid=5.7e-08
    bank  7 tied scale=+1.528 resid=5.7e-08
    bank  8 tied scale=+3.055 resid=5.7e-08
    bank  9 tied scale=+6.11 resid=5.7e-08
    bank 10 tied scale=+12.22 resid=5.7e-08
    bank  1 tied scale=+0.02387 resid=5.7e-08
    bank  2 tied scale=+0.04774 resid=5.7e-08
    bank  3 tied scale=+0.09547 resid=5.7e-08
    bank  4 tied scale=+0.1909 resid=5.7e-08
    bank  5 tied scale=+0.3819 resid=5.7e-08
    bank  6 tied scale=+0.7638 resid=5.7e-08
    bank  7 tied scale=+1.528 resid=5.7e-08
    bank  8 tied scale=+3.055 resid=5.7e-08
    bank  9 tied scale=+6.11 resid=5.7e-08
    bank 10 tied scale=+12.22 resid=5.7e-08
    bank 11 tied scale=+24.44 resid=5.7e-08
  convert transformer.h.4.attn.qk_matmul matmul     range=[-13,13.6], [-22.2,20.9]
  fitting transformer.h.4.attn.attn_softmax (softmax)
    bank  0/ 3 near0 s=+1       N=1 T=4 mse=3.04e-06
    bank  1/ 3 mag s=+1 e=-3    N=1 T=4 mse=3.63e-06
    bank  2/ 3 mag s=+1 e=-2    N=1 T=8 mse=1.67e-06
    bank  3/ 3 mag s=+1 e=-1    N=2 T=8 mse=9.62e-06
    bank  0/ 6 near0 s=+1       N=1 T=2 mse=4.94e-06
    bank  1/ 6 mag s=+1 e=-7    N=1 T=2 mse=4.65e-06
    bank  2/ 6 mag s=+1 e=-6    N=1 T=3 mse=4.32e-06
    bank  3/ 6 mag s=+1 e=-5    N=1 T=4 mse=3.89e-06
    bank  4/ 6 mag s=+1 e=-4    N=1 T=6 mse=1.57e-06
    bank  5/ 6 mag s=+1 e=-3    N=1 T=8 mse=1.20e-06
    bank  6/ 6 mag s=+1 e=-2    N=1 T=8 mse=4.51e-06
    bank  1 tied scale=+0.02387 resid=5.7e-08
    bank  2 tied scale=+0.04774 resid=5.7e-08
    bank  3 tied scale=+0.09547 resid=5.7e-08
    bank  4 tied scale=+0.1909 resid=5.7e-08
    bank  5 tied scale=+0.3819 resid=5.7e-08
    bank  6 tied scale=+0.7638 resid=5.7e-08
  convert transformer.h.4.attn.attn_softmax softmax    range=[-3.4e+38,62.8]
  fitting transformer.h.4.attn.av_matmul   (matmul)
    bank  1 tied scale=+0.02387 resid=5.7e-08
    bank  2 tied scale=+0.04774 resid=5.7e-08
    bank  3 tied scale=+0.09547 resid=5.7e-08
    bank  4 tied scale=+0.1909 resid=5.7e-08
    bank  5 tied scale=+0.3819 resid=5.7e-08
    bank  6 tied scale=+0.7638 resid=5.7e-08
    bank  7 tied scale=+1.528 resid=5.7e-08
    bank  1 tied scale=+0.02387 resid=5.7e-08
    bank  2 tied scale=+0.04774 resid=5.7e-08
    bank  3 tied scale=+0.09547 resid=5.7e-08
    bank  4 tied scale=+0.1909 resid=5.7e-08
    bank  5 tied scale=+0.3819 resid=5.7e-08
    bank  6 tied scale=+0.7638 resid=5.7e-08
    bank  7 tied scale=+1.528 resid=5.7e-08
    bank  8 tied scale=+3.055 resid=5.7e-08
    bank  9 tied scale=+6.11 resid=5.7e-08
  convert transformer.h.4.attn.av_matmul matmul     range=[0,1], [-3.98,3.35]
  reuse   transformer.h.4.ln_2             (layernorm: mbe_pasn)
  reuse   transformer.h.4.mlp.act          (activation: gelu_tanh)
  reuse   transformer.h.5.ln_1             (layernorm: mbe_pasn)
  fitting transformer.h.5.attn.qk_matmul   (matmul)
    bank  1 tied scale=+0.02387 resid=5.7e-08
    bank  2 tied scale=+0.04774 resid=5.7e-08
    bank  3 tied scale=+0.09547 resid=5.7e-08
    bank  4 tied scale=+0.1909 resid=5.7e-08
    bank  5 tied scale=+0.3819 resid=5.7e-08
    bank  6 tied scale=+0.7638 resid=5.7e-08
    bank  7 tied scale=+1.528 resid=5.7e-08
    bank  8 tied scale=+3.055 resid=5.7e-08
    bank  9 tied scale=+6.11 resid=5.7e-08
    bank 10 tied scale=+12.22 resid=5.7e-08
    bank 11 tied scale=+24.44 resid=5.7e-08
    bank  1 tied scale=+0.02387 resid=5.7e-08
    bank  2 tied scale=+0.04774 resid=5.7e-08
    bank  3 tied scale=+0.09547 resid=5.7e-08
    bank  4 tied scale=+0.1909 resid=5.7e-08
    bank  5 tied scale=+0.3819 resid=5.7e-08
    bank  6 tied scale=+0.7638 resid=5.7e-08
    bank  7 tied scale=+1.528 resid=5.7e-08
    bank  8 tied scale=+3.055 resid=5.7e-08
    bank  9 tied scale=+6.11 resid=5.7e-08
    bank 10 tied scale=+12.22 resid=5.7e-08
    bank 11 tied scale=+24.44 resid=5.7e-08
  convert transformer.h.5.attn.qk_matmul matmul     range=[-18,14.4], [-21.9,23]
  fitting transformer.h.5.attn.attn_softmax (softmax)
    bank  0/ 3 near0 s=+1       N=1 T=4 mse=3.04e-06
    bank  1/ 3 mag s=+1 e=-3    N=1 T=4 mse=3.63e-06
    bank  2/ 3 mag s=+1 e=-2    N=1 T=8 mse=1.67e-06
    bank  3/ 3 mag s=+1 e=-1    N=2 T=8 mse=9.62e-06
    bank  0/ 6 near0 s=+1       N=1 T=2 mse=4.94e-06
    bank  1/ 6 mag s=+1 e=-7    N=1 T=2 mse=4.65e-06
    bank  2/ 6 mag s=+1 e=-6    N=1 T=3 mse=4.32e-06
    bank  3/ 6 mag s=+1 e=-5    N=1 T=4 mse=3.89e-06
    bank  4/ 6 mag s=+1 e=-4    N=1 T=6 mse=1.57e-06
    bank  5/ 6 mag s=+1 e=-3    N=1 T=8 mse=1.20e-06
    bank  6/ 6 mag s=+1 e=-2    N=1 T=8 mse=4.51e-06
    bank  1 tied scale=+0.02387 resid=5.7e-08
    bank  2 tied scale=+0.04774 resid=5.7e-08
    bank  3 tied scale=+0.09547 resid=5.7e-08
    bank  4 tied scale=+0.1909 resid=5.7e-08
    bank  5 tied scale=+0.3819 resid=5.7e-08
    bank  6 tied scale=+0.7638 resid=5.7e-08
  convert transformer.h.5.attn.attn_softmax softmax    range=[-3.4e+38,63.6]
  fitting transformer.h.5.attn.av_matmul   (matmul)
    bank  1 tied scale=+0.02387 resid=5.7e-08
    bank  2 tied scale=+0.04774 resid=5.7e-08
    bank  3 tied scale=+0.09547 resid=5.7e-08
    bank  4 tied scale=+0.1909 resid=5.7e-08
    bank  5 tied scale=+0.3819 resid=5.7e-08
    bank  6 tied scale=+0.7638 resid=5.7e-08
    bank  7 tied scale=+1.528 resid=5.7e-08
    bank  1 tied scale=+0.02387 resid=5.7e-08
    bank  2 tied scale=+0.04774 resid=5.7e-08
    bank  3 tied scale=+0.09547 resid=5.7e-08
    bank  4 tied scale=+0.1909 resid=5.7e-08
    bank  5 tied scale=+0.3819 resid=5.7e-08
    bank  6 tied scale=+0.7638 resid=5.7e-08
    bank  7 tied scale=+1.528 resid=5.7e-08
    bank  8 tied scale=+3.055 resid=5.7e-08
    bank  9 tied scale=+6.11 resid=5.7e-08
  convert transformer.h.5.attn.av_matmul matmul     range=[0,1], [-3.95,3.5]
  reuse   transformer.h.5.ln_2             (layernorm: mbe_pasn)
  reuse   transformer.h.5.mlp.act          (activation: gelu_tanh)
  reuse   transformer.h.6.ln_1             (layernorm: mbe_pasn)
  fitting transformer.h.6.attn.qk_matmul   (matmul)
    bank  1 tied scale=+0.02387 resid=5.7e-08
    bank  2 tied scale=+0.04774 resid=5.7e-08
    bank  3 tied scale=+0.09547 resid=5.7e-08
    bank  4 tied scale=+0.1909 resid=5.7e-08
    bank  5 tied scale=+0.3819 resid=5.7e-08
    bank  6 tied scale=+0.7638 resid=5.7e-08
    bank  7 tied scale=+1.528 resid=5.7e-08
    bank  8 tied scale=+3.055 resid=5.7e-08
    bank  9 tied scale=+6.11 resid=5.7e-08
    bank 10 tied scale=+12.22 resid=5.7e-08
    bank  1 tied scale=+0.02387 resid=5.7e-08
    bank  2 tied scale=+0.04774 resid=5.7e-08
    bank  3 tied scale=+0.09547 resid=5.7e-08
    bank  4 tied scale=+0.1909 resid=5.7e-08
    bank  5 tied scale=+0.3819 resid=5.7e-08
    bank  6 tied scale=+0.7638 resid=5.7e-08
    bank  7 tied scale=+1.528 resid=5.7e-08
    bank  8 tied scale=+3.055 resid=5.7e-08
    bank  9 tied scale=+6.11 resid=5.7e-08
    bank 10 tied scale=+12.22 resid=5.7e-08
    bank 11 tied scale=+24.44 resid=5.7e-08
  convert transformer.h.6.attn.qk_matmul matmul     range=[-13,10], [-18.9,17]
  fitting transformer.h.6.attn.attn_softmax (softmax)
    bank  0/ 3 near0 s=+1       N=1 T=4 mse=3.04e-06
    bank  1/ 3 mag s=+1 e=-3    N=1 T=4 mse=3.63e-06
    bank  2/ 3 mag s=+1 e=-2    N=1 T=8 mse=1.67e-06
    bank  3/ 3 mag s=+1 e=-1    N=2 T=8 mse=9.62e-06
    bank  0/ 6 near0 s=+1       N=1 T=2 mse=4.94e-06
    bank  1/ 6 mag s=+1 e=-7    N=1 T=2 mse=4.65e-06
    bank  2/ 6 mag s=+1 e=-6    N=1 T=3 mse=4.32e-06
    bank  3/ 6 mag s=+1 e=-5    N=1 T=4 mse=3.89e-06
    bank  4/ 6 mag s=+1 e=-4    N=1 T=6 mse=1.57e-06
    bank  5/ 6 mag s=+1 e=-3    N=1 T=8 mse=1.20e-06
    bank  6/ 6 mag s=+1 e=-2    N=1 T=8 mse=4.51e-06
    bank  1 tied scale=+0.02387 resid=5.7e-08
    bank  2 tied scale=+0.04774 resid=5.7e-08
    bank  3 tied scale=+0.09547 resid=5.7e-08
    bank  4 tied scale=+0.1909 resid=5.7e-08
    bank  5 tied scale=+0.3819 resid=5.7e-08
    bank  6 tied scale=+0.7638 resid=5.7e-08
  convert transformer.h.6.attn.attn_softmax softmax    range=[-3.4e+38,30.2]
  fitting transformer.h.6.attn.av_matmul   (matmul)
    bank  1 tied scale=+0.02387 resid=5.7e-08
    bank  2 tied scale=+0.04774 resid=5.7e-08
    bank  3 tied scale=+0.09547 resid=5.7e-08
    bank  4 tied scale=+0.1909 resid=5.7e-08
    bank  5 tied scale=+0.3819 resid=5.7e-08
    bank  6 tied scale=+0.7638 resid=5.7e-08
    bank  7 tied scale=+1.528 resid=5.7e-08
    bank  1 tied scale=+0.02387 resid=5.7e-08
    bank  2 tied scale=+0.04774 resid=5.7e-08
    bank  3 tied scale=+0.09547 resid=5.7e-08
    bank  4 tied scale=+0.1909 resid=5.7e-08
    bank  5 tied scale=+0.3819 resid=5.7e-08
    bank  6 tied scale=+0.7638 resid=5.7e-08
    bank  7 tied scale=+1.528 resid=5.7e-08
    bank  8 tied scale=+3.055 resid=5.7e-08
    bank  9 tied scale=+6.11 resid=5.7e-08
  convert transformer.h.6.attn.av_matmul matmul     range=[0,1], [-4.61,6.42]
  reuse   transformer.h.6.ln_2             (layernorm: mbe_pasn)
  reuse   transformer.h.6.mlp.act          (activation: gelu_tanh)
  reuse   transformer.h.7.ln_1             (layernorm: mbe_pasn)
  fitting transformer.h.7.attn.qk_matmul   (matmul)
    bank  1 tied scale=+0.02387 resid=5.7e-08
    bank  2 tied scale=+0.04774 resid=5.7e-08
    bank  3 tied scale=+0.09547 resid=5.7e-08
    bank  4 tied scale=+0.1909 resid=5.7e-08
    bank  5 tied scale=+0.3819 resid=5.7e-08
    bank  6 tied scale=+0.7638 resid=5.7e-08
    bank  7 tied scale=+1.528 resid=5.7e-08
    bank  8 tied scale=+3.055 resid=5.7e-08
    bank  9 tied scale=+6.11 resid=5.7e-08
    bank 10 tied scale=+12.22 resid=5.7e-08
    bank  1 tied scale=+0.02387 resid=5.7e-08
    bank  2 tied scale=+0.04774 resid=5.7e-08
    bank  3 tied scale=+0.09547 resid=5.7e-08
    bank  4 tied scale=+0.1909 resid=5.7e-08
    bank  5 tied scale=+0.3819 resid=5.7e-08
    bank  6 tied scale=+0.7638 resid=5.7e-08
    bank  7 tied scale=+1.528 resid=5.7e-08
    bank  8 tied scale=+3.055 resid=5.7e-08
    bank  9 tied scale=+6.11 resid=5.7e-08
    bank 10 tied scale=+12.22 resid=5.7e-08
  convert transformer.h.7.attn.qk_matmul matmul     range=[-12.8,12.2], [-11.9,14.1]
  fitting transformer.h.7.attn.attn_softmax (softmax)
    bank  0/ 3 near0 s=+1       N=1 T=4 mse=3.04e-06
    bank  1/ 3 mag s=+1 e=-3    N=1 T=4 mse=3.63e-06
    bank  2/ 3 mag s=+1 e=-2    N=1 T=8 mse=1.67e-06
    bank  3/ 3 mag s=+1 e=-1    N=2 T=8 mse=9.62e-06
    bank  0/ 6 near0 s=+1       N=1 T=2 mse=4.94e-06
    bank  1/ 6 mag s=+1 e=-7    N=1 T=2 mse=4.65e-06
    bank  2/ 6 mag s=+1 e=-6    N=1 T=3 mse=4.32e-06
    bank  3/ 6 mag s=+1 e=-5    N=1 T=4 mse=3.89e-06
    bank  4/ 6 mag s=+1 e=-4    N=1 T=6 mse=1.57e-06
    bank  5/ 6 mag s=+1 e=-3    N=1 T=8 mse=1.20e-06
    bank  6/ 6 mag s=+1 e=-2    N=1 T=8 mse=4.51e-06
    bank  1 tied scale=+0.02387 resid=5.7e-08
    bank  2 tied scale=+0.04774 resid=5.7e-08
    bank  3 tied scale=+0.09547 resid=5.7e-08
    bank  4 tied scale=+0.1909 resid=5.7e-08
    bank  5 tied scale=+0.3819 resid=5.7e-08
    bank  6 tied scale=+0.7638 resid=5.7e-08
  convert transformer.h.7.attn.attn_softmax softmax    range=[-3.4e+38,24.4]
  fitting transformer.h.7.attn.av_matmul   (matmul)
    bank  1 tied scale=+0.02387 resid=5.7e-08
    bank  2 tied scale=+0.04774 resid=5.7e-08
    bank  3 tied scale=+0.09547 resid=5.7e-08
    bank  4 tied scale=+0.1909 resid=5.7e-08
    bank  5 tied scale=+0.3819 resid=5.7e-08
    bank  6 tied scale=+0.7638 resid=5.7e-08
    bank  7 tied scale=+1.528 resid=5.7e-08
    bank  1 tied scale=+0.02387 resid=5.7e-08
    bank  2 tied scale=+0.04774 resid=5.7e-08
    bank  3 tied scale=+0.09547 resid=5.7e-08
    bank  4 tied scale=+0.1909 resid=5.7e-08
    bank  5 tied scale=+0.3819 resid=5.7e-08
    bank  6 tied scale=+0.7638 resid=5.7e-08
    bank  7 tied scale=+1.528 resid=5.7e-08
    bank  8 tied scale=+3.055 resid=5.7e-08
    bank  9 tied scale=+6.11 resid=5.7e-08
  convert transformer.h.7.attn.av_matmul matmul     range=[0,1], [-4.58,5.44]
  reuse   transformer.h.7.ln_2             (layernorm: mbe_pasn)
  reuse   transformer.h.7.mlp.act          (activation: gelu_tanh)
  reuse   transformer.h.8.ln_1             (layernorm: mbe_pasn)
  fitting transformer.h.8.attn.qk_matmul   (matmul)
    bank  1 tied scale=+0.02387 resid=5.7e-08
    bank  2 tied scale=+0.04774 resid=5.7e-08
    bank  3 tied scale=+0.09547 resid=5.7e-08
    bank  4 tied scale=+0.1909 resid=5.7e-08
    bank  5 tied scale=+0.3819 resid=5.7e-08
    bank  6 tied scale=+0.7638 resid=5.7e-08
    bank  7 tied scale=+1.528 resid=5.7e-08
    bank  8 tied scale=+3.055 resid=5.7e-08
    bank  9 tied scale=+6.11 resid=5.7e-08
    bank 10 tied scale=+12.22 resid=5.7e-08
    bank  1 tied scale=+0.02387 resid=5.7e-08
    bank  2 tied scale=+0.04774 resid=5.7e-08
    bank  3 tied scale=+0.09547 resid=5.7e-08
    bank  4 tied scale=+0.1909 resid=5.7e-08
    bank  5 tied scale=+0.3819 resid=5.7e-08
    bank  6 tied scale=+0.7638 resid=5.7e-08
    bank  7 tied scale=+1.528 resid=5.7e-08
    bank  8 tied scale=+3.055 resid=5.7e-08
    bank  9 tied scale=+6.11 resid=5.7e-08
    bank 10 tied scale=+12.22 resid=5.7e-08
    bank 11 tied scale=+24.44 resid=5.7e-08
  convert transformer.h.8.attn.qk_matmul matmul     range=[-9.83,9.62], [-13.3,15.8]
  fitting transformer.h.8.attn.attn_softmax (softmax)
    bank  0/ 3 near0 s=+1       N=1 T=4 mse=3.04e-06
    bank  1/ 3 mag s=+1 e=-3    N=1 T=4 mse=3.63e-06
    bank  2/ 3 mag s=+1 e=-2    N=1 T=8 mse=1.67e-06
    bank  3/ 3 mag s=+1 e=-1    N=2 T=8 mse=9.62e-06
    bank  0/ 6 near0 s=+1       N=1 T=2 mse=4.94e-06
    bank  1/ 6 mag s=+1 e=-7    N=1 T=2 mse=4.65e-06
    bank  2/ 6 mag s=+1 e=-6    N=1 T=3 mse=4.32e-06
    bank  3/ 6 mag s=+1 e=-5    N=1 T=4 mse=3.89e-06
    bank  4/ 6 mag s=+1 e=-4    N=1 T=6 mse=1.57e-06
    bank  5/ 6 mag s=+1 e=-3    N=1 T=8 mse=1.20e-06
    bank  6/ 6 mag s=+1 e=-2    N=1 T=8 mse=4.51e-06
    bank  1 tied scale=+0.02387 resid=5.7e-08
    bank  2 tied scale=+0.04774 resid=5.7e-08
    bank  3 tied scale=+0.09547 resid=5.7e-08
    bank  4 tied scale=+0.1909 resid=5.7e-08
    bank  5 tied scale=+0.3819 resid=5.7e-08
    bank  6 tied scale=+0.7638 resid=5.7e-08
  convert transformer.h.8.attn.attn_softmax softmax    range=[-3.4e+38,13.2]
  fitting transformer.h.8.attn.av_matmul   (matmul)
    bank  1 tied scale=+0.02387 resid=5.7e-08
    bank  2 tied scale=+0.04774 resid=5.7e-08
    bank  3 tied scale=+0.09547 resid=5.7e-08
    bank  4 tied scale=+0.1909 resid=5.7e-08
    bank  5 tied scale=+0.3819 resid=5.7e-08
    bank  6 tied scale=+0.7638 resid=5.7e-08
    bank  7 tied scale=+1.528 resid=5.7e-08
    bank  1 tied scale=+0.02387 resid=5.7e-08
    bank  2 tied scale=+0.04774 resid=5.7e-08
    bank  3 tied scale=+0.09547 resid=5.7e-08
    bank  4 tied scale=+0.1909 resid=5.7e-08
    bank  5 tied scale=+0.3819 resid=5.7e-08
    bank  6 tied scale=+0.7638 resid=5.7e-08
    bank  7 tied scale=+1.528 resid=5.7e-08
    bank  8 tied scale=+3.055 resid=5.7e-08
    bank  9 tied scale=+6.11 resid=5.7e-08
  convert transformer.h.8.attn.av_matmul matmul     range=[0,1], [-4.79,4.97]
  reuse   transformer.h.8.ln_2             (layernorm: mbe_pasn)
  reuse   transformer.h.8.mlp.act          (activation: gelu_tanh)
  reuse   transformer.h.9.ln_1             (layernorm: mbe_pasn)
  fitting transformer.h.9.attn.qk_matmul   (matmul)
    bank  1 tied scale=+0.02387 resid=5.7e-08
    bank  2 tied scale=+0.04774 resid=5.7e-08
    bank  3 tied scale=+0.09547 resid=5.7e-08
    bank  4 tied scale=+0.1909 resid=5.7e-08
    bank  5 tied scale=+0.3819 resid=5.7e-08
    bank  6 tied scale=+0.7638 resid=5.7e-08
    bank  7 tied scale=+1.528 resid=5.7e-08
    bank  8 tied scale=+3.055 resid=5.7e-08
    bank  9 tied scale=+6.11 resid=5.7e-08
    bank 10 tied scale=+12.22 resid=5.7e-08
    bank  1 tied scale=+0.02387 resid=5.7e-08
    bank  2 tied scale=+0.04774 resid=5.7e-08
    bank  3 tied scale=+0.09547 resid=5.7e-08
    bank  4 tied scale=+0.1909 resid=5.7e-08
    bank  5 tied scale=+0.3819 resid=5.7e-08
    bank  6 tied scale=+0.7638 resid=5.7e-08
    bank  7 tied scale=+1.528 resid=5.7e-08
    bank  8 tied scale=+3.055 resid=5.7e-08
    bank  9 tied scale=+6.11 resid=5.7e-08
    bank 10 tied scale=+12.22 resid=5.7e-08
  convert transformer.h.9.attn.qk_matmul matmul     range=[-14.5,11.9], [-12.3,13.2]
  fitting transformer.h.9.attn.attn_softmax (softmax)
    bank  0/ 3 near0 s=+1       N=1 T=4 mse=3.04e-06
    bank  1/ 3 mag s=+1 e=-3    N=1 T=4 mse=3.63e-06
    bank  2/ 3 mag s=+1 e=-2    N=1 T=8 mse=1.67e-06
    bank  3/ 3 mag s=+1 e=-1    N=2 T=8 mse=9.62e-06
    bank  0/ 6 near0 s=+1       N=1 T=2 mse=4.94e-06
    bank  1/ 6 mag s=+1 e=-7    N=1 T=2 mse=4.65e-06
    bank  2/ 6 mag s=+1 e=-6    N=1 T=3 mse=4.32e-06
    bank  3/ 6 mag s=+1 e=-5    N=1 T=4 mse=3.89e-06
    bank  4/ 6 mag s=+1 e=-4    N=1 T=6 mse=1.57e-06
    bank  5/ 6 mag s=+1 e=-3    N=1 T=8 mse=1.20e-06
    bank  6/ 6 mag s=+1 e=-2    N=1 T=8 mse=4.51e-06
    bank  1 tied scale=+0.02387 resid=5.7e-08
    bank  2 tied scale=+0.04774 resid=5.7e-08
    bank  3 tied scale=+0.09547 resid=5.7e-08
    bank  4 tied scale=+0.1909 resid=5.7e-08
    bank  5 tied scale=+0.3819 resid=5.7e-08
    bank  6 tied scale=+0.7638 resid=5.7e-08
  convert transformer.h.9.attn.attn_softmax softmax    range=[-3.4e+38,14.3]
  fitting transformer.h.9.attn.av_matmul   (matmul)
    bank  1 tied scale=+0.02387 resid=5.7e-08
    bank  2 tied scale=+0.04774 resid=5.7e-08
    bank  3 tied scale=+0.09547 resid=5.7e-08
    bank  4 tied scale=+0.1909 resid=5.7e-08
    bank  5 tied scale=+0.3819 resid=5.7e-08
    bank  6 tied scale=+0.7638 resid=5.7e-08
    bank  7 tied scale=+1.528 resid=5.7e-08
    bank  1 tied scale=+0.02387 resid=5.7e-08
    bank  2 tied scale=+0.04774 resid=5.7e-08
    bank  3 tied scale=+0.09547 resid=5.7e-08
    bank  4 tied scale=+0.1909 resid=5.7e-08
    bank  5 tied scale=+0.3819 resid=5.7e-08
    bank  6 tied scale=+0.7638 resid=5.7e-08
    bank  7 tied scale=+1.528 resid=5.7e-08
    bank  8 tied scale=+3.055 resid=5.7e-08
    bank  9 tied scale=+6.11 resid=5.7e-08
  convert transformer.h.9.attn.av_matmul matmul     range=[0,1], [-6.39,6.69]
  reuse   transformer.h.9.ln_2             (layernorm: mbe_pasn)
  reuse   transformer.h.9.mlp.act          (activation: gelu_tanh)
  reuse   transformer.h.10.ln_1            (layernorm: mbe_pasn)
  fitting transformer.h.10.attn.qk_matmul  (matmul)
    bank  1 tied scale=+0.02387 resid=5.7e-08
    bank  2 tied scale=+0.04774 resid=5.7e-08
    bank  3 tied scale=+0.09547 resid=5.7e-08
    bank  4 tied scale=+0.1909 resid=5.7e-08
    bank  5 tied scale=+0.3819 resid=5.7e-08
    bank  6 tied scale=+0.7638 resid=5.7e-08
    bank  7 tied scale=+1.528 resid=5.7e-08
    bank  8 tied scale=+3.055 resid=5.7e-08
    bank  9 tied scale=+6.11 resid=5.7e-08
    bank 10 tied scale=+12.22 resid=5.7e-08
    bank  1 tied scale=+0.02387 resid=5.7e-08
    bank  2 tied scale=+0.04774 resid=5.7e-08
    bank  3 tied scale=+0.09547 resid=5.7e-08
    bank  4 tied scale=+0.1909 resid=5.7e-08
    bank  5 tied scale=+0.3819 resid=5.7e-08
    bank  6 tied scale=+0.7638 resid=5.7e-08
    bank  7 tied scale=+1.528 resid=5.7e-08
    bank  8 tied scale=+3.055 resid=5.7e-08
    bank  9 tied scale=+6.11 resid=5.7e-08
    bank 10 tied scale=+12.22 resid=5.7e-08
    bank 11 tied scale=+24.44 resid=5.7e-08
  convert transformer.h.10.attn.qk_matmul matmul     range=[-14.4,13.7], [-13,15.5]
  fitting transformer.h.10.attn.attn_softmax (softmax)
    bank  0/ 3 near0 s=+1       N=1 T=4 mse=3.04e-06
    bank  1/ 3 mag s=+1 e=-3    N=1 T=4 mse=3.63e-06
    bank  2/ 3 mag s=+1 e=-2    N=1 T=8 mse=1.67e-06
    bank  3/ 3 mag s=+1 e=-1    N=2 T=8 mse=9.62e-06
    bank  0/ 6 near0 s=+1       N=1 T=2 mse=4.94e-06
    bank  1/ 6 mag s=+1 e=-7    N=1 T=2 mse=4.65e-06
    bank  2/ 6 mag s=+1 e=-6    N=1 T=3 mse=4.32e-06
    bank  3/ 6 mag s=+1 e=-5    N=1 T=4 mse=3.89e-06
    bank  4/ 6 mag s=+1 e=-4    N=1 T=6 mse=1.57e-06
    bank  5/ 6 mag s=+1 e=-3    N=1 T=8 mse=1.20e-06
    bank  6/ 6 mag s=+1 e=-2    N=1 T=8 mse=4.51e-06
    bank  1 tied scale=+0.02387 resid=5.7e-08
    bank  2 tied scale=+0.04774 resid=5.7e-08
    bank  3 tied scale=+0.09547 resid=5.7e-08
    bank  4 tied scale=+0.1909 resid=5.7e-08
    bank  5 tied scale=+0.3819 resid=5.7e-08
    bank  6 tied scale=+0.7638 resid=5.7e-08
  convert transformer.h.10.attn.attn_softmax softmax    range=[-3.4e+38,12.8]
  fitting transformer.h.10.attn.av_matmul  (matmul)
    bank  1 tied scale=+0.02387 resid=5.7e-08
    bank  2 tied scale=+0.04774 resid=5.7e-08
    bank  3 tied scale=+0.09547 resid=5.7e-08
    bank  4 tied scale=+0.1909 resid=5.7e-08
    bank  5 tied scale=+0.3819 resid=5.7e-08
    bank  6 tied scale=+0.7638 resid=5.7e-08
    bank  7 tied scale=+1.528 resid=5.7e-08
    bank  1 tied scale=+0.02387 resid=5.7e-08
    bank  2 tied scale=+0.04774 resid=5.7e-08
    bank  3 tied scale=+0.09547 resid=5.7e-08
    bank  4 tied scale=+0.1909 resid=5.7e-08
    bank  5 tied scale=+0.3819 resid=5.7e-08
    bank  6 tied scale=+0.7638 resid=5.7e-08
    bank  7 tied scale=+1.528 resid=5.7e-08
    bank  8 tied scale=+3.055 resid=5.7e-08
    bank  9 tied scale=+6.11 resid=5.7e-08
  convert transformer.h.10.attn.av_matmul matmul     range=[0,1], [-5.92,5.33]
  reuse   transformer.h.10.ln_2            (layernorm: mbe_pasn)
  reuse   transformer.h.10.mlp.act         (activation: gelu_tanh)
  reuse   transformer.h.11.ln_1            (layernorm: mbe_pasn)
  fitting transformer.h.11.attn.qk_matmul  (matmul)
    bank  1 tied scale=+0.02387 resid=5.7e-08
    bank  2 tied scale=+0.04774 resid=5.7e-08
    bank  3 tied scale=+0.09547 resid=5.7e-08
    bank  4 tied scale=+0.1909 resid=5.7e-08
    bank  5 tied scale=+0.3819 resid=5.7e-08
    bank  6 tied scale=+0.7638 resid=5.7e-08
    bank  7 tied scale=+1.528 resid=5.7e-08
    bank  8 tied scale=+3.055 resid=5.7e-08
    bank  9 tied scale=+6.11 resid=5.7e-08
    bank 10 tied scale=+12.22 resid=5.7e-08
    bank  1 tied scale=+0.02387 resid=5.7e-08
    bank  2 tied scale=+0.04774 resid=5.7e-08
    bank  3 tied scale=+0.09547 resid=5.7e-08
    bank  4 tied scale=+0.1909 resid=5.7e-08
    bank  5 tied scale=+0.3819 resid=5.7e-08
    bank  6 tied scale=+0.7638 resid=5.7e-08
    bank  7 tied scale=+1.528 resid=5.7e-08
    bank  8 tied scale=+3.055 resid=5.7e-08
    bank  9 tied scale=+6.11 resid=5.7e-08
    bank 10 tied scale=+12.22 resid=5.7e-08
    bank 11 tied scale=+24.44 resid=5.7e-08
  convert transformer.h.11.attn.qk_matmul matmul     range=[-14.9,9.16], [-16.5,17.1]
  fitting transformer.h.11.attn.attn_softmax (softmax)
    bank  0/ 3 near0 s=+1       N=1 T=4 mse=3.04e-06
    bank  1/ 3 mag s=+1 e=-3    N=1 T=4 mse=3.63e-06
    bank  2/ 3 mag s=+1 e=-2    N=1 T=8 mse=1.67e-06
    bank  3/ 3 mag s=+1 e=-1    N=2 T=8 mse=9.62e-06
    bank  0/ 6 near0 s=+1       N=1 T=2 mse=4.94e-06
    bank  1/ 6 mag s=+1 e=-7    N=1 T=2 mse=4.65e-06
    bank  2/ 6 mag s=+1 e=-6    N=1 T=3 mse=4.32e-06
    bank  3/ 6 mag s=+1 e=-5    N=1 T=4 mse=3.89e-06
    bank  4/ 6 mag s=+1 e=-4    N=1 T=6 mse=1.57e-06
    bank  5/ 6 mag s=+1 e=-3    N=1 T=8 mse=1.20e-06
    bank  6/ 6 mag s=+1 e=-2    N=1 T=8 mse=4.51e-06
    bank  1 tied scale=+0.02387 resid=5.7e-08
    bank  2 tied scale=+0.04774 resid=5.7e-08
    bank  3 tied scale=+0.09547 resid=5.7e-08
    bank  4 tied scale=+0.1909 resid=5.7e-08
    bank  5 tied scale=+0.3819 resid=5.7e-08
    bank  6 tied scale=+0.7638 resid=5.7e-08
  convert transformer.h.11.attn.attn_softmax softmax    range=[-3.4e+38,17.2]
  fitting transformer.h.11.attn.av_matmul  (matmul)
    bank  1 tied scale=+0.02387 resid=5.7e-08
    bank  2 tied scale=+0.04774 resid=5.7e-08
    bank  3 tied scale=+0.09547 resid=5.7e-08
    bank  4 tied scale=+0.1909 resid=5.7e-08
    bank  5 tied scale=+0.3819 resid=5.7e-08
    bank  6 tied scale=+0.7638 resid=5.7e-08
    bank  7 tied scale=+1.528 resid=5.7e-08
    bank  1 tied scale=+0.02387 resid=5.7e-08
    bank  2 tied scale=+0.04774 resid=5.7e-08
    bank  3 tied scale=+0.09547 resid=5.7e-08
    bank  4 tied scale=+0.1909 resid=5.7e-08
    bank  5 tied scale=+0.3819 resid=5.7e-08
    bank  6 tied scale=+0.7638 resid=5.7e-08
    bank  7 tied scale=+1.528 resid=5.7e-08
    bank  8 tied scale=+3.055 resid=5.7e-08
    bank  9 tied scale=+6.11 resid=5.7e-08
  convert transformer.h.11.attn.av_matmul matmul     range=[0,1], [-5,5.71]
  reuse   transformer.h.11.ln_2            (layernorm: mbe_pasn)
  reuse   transformer.h.11.mlp.act         (activation: gelu_tanh)
  reuse   transformer.h.12.ln_1            (layernorm: mbe_pasn)
  fitting transformer.h.12.attn.qk_matmul  (matmul)
    bank  1 tied scale=+0.02387 resid=5.7e-08
    bank  2 tied scale=+0.04774 resid=5.7e-08
    bank  3 tied scale=+0.09547 resid=5.7e-08
    bank  4 tied scale=+0.1909 resid=5.7e-08
    bank  5 tied scale=+0.3819 resid=5.7e-08
    bank  6 tied scale=+0.7638 resid=5.7e-08
    bank  7 tied scale=+1.528 resid=5.7e-08
    bank  8 tied scale=+3.055 resid=5.7e-08
    bank  9 tied scale=+6.11 resid=5.7e-08
    bank 10 tied scale=+12.22 resid=5.7e-08
    bank  1 tied scale=+0.02387 resid=5.7e-08
    bank  2 tied scale=+0.04774 resid=5.7e-08
    bank  3 tied scale=+0.09547 resid=5.7e-08
    bank  4 tied scale=+0.1909 resid=5.7e-08
    bank  5 tied scale=+0.3819 resid=5.7e-08
    bank  6 tied scale=+0.7638 resid=5.7e-08
    bank  7 tied scale=+1.528 resid=5.7e-08
    bank  8 tied scale=+3.055 resid=5.7e-08
    bank  9 tied scale=+6.11 resid=5.7e-08
    bank 10 tied scale=+12.22 resid=5.7e-08
    bank 11 tied scale=+24.44 resid=5.7e-08
  convert transformer.h.12.attn.qk_matmul matmul     range=[-14.7,14.4], [-17.3,14.2]
  fitting transformer.h.12.attn.attn_softmax (softmax)
    bank  0/ 3 near0 s=+1       N=1 T=4 mse=3.04e-06
    bank  1/ 3 mag s=+1 e=-3    N=1 T=4 mse=3.63e-06
    bank  2/ 3 mag s=+1 e=-2    N=1 T=8 mse=1.67e-06
    bank  3/ 3 mag s=+1 e=-1    N=2 T=8 mse=9.62e-06
    bank  0/ 6 near0 s=+1       N=1 T=2 mse=4.94e-06
    bank  1/ 6 mag s=+1 e=-7    N=1 T=2 mse=4.65e-06
    bank  2/ 6 mag s=+1 e=-6    N=1 T=3 mse=4.32e-06
    bank  3/ 6 mag s=+1 e=-5    N=1 T=4 mse=3.89e-06
    bank  4/ 6 mag s=+1 e=-4    N=1 T=6 mse=1.57e-06
    bank  5/ 6 mag s=+1 e=-3    N=1 T=8 mse=1.20e-06
    bank  6/ 6 mag s=+1 e=-2    N=1 T=8 mse=4.51e-06
    bank  1 tied scale=+0.02387 resid=5.7e-08
    bank  2 tied scale=+0.04774 resid=5.7e-08
    bank  3 tied scale=+0.09547 resid=5.7e-08
    bank  4 tied scale=+0.1909 resid=5.7e-08
    bank  5 tied scale=+0.3819 resid=5.7e-08
    bank  6 tied scale=+0.7638 resid=5.7e-08
  convert transformer.h.12.attn.attn_softmax softmax    range=[-3.4e+38,18.5]
  fitting transformer.h.12.attn.av_matmul  (matmul)
    bank  1 tied scale=+0.02387 resid=5.7e-08
    bank  2 tied scale=+0.04774 resid=5.7e-08
    bank  3 tied scale=+0.09547 resid=5.7e-08
    bank  4 tied scale=+0.1909 resid=5.7e-08
    bank  5 tied scale=+0.3819 resid=5.7e-08
    bank  6 tied scale=+0.7638 resid=5.7e-08
    bank  7 tied scale=+1.528 resid=5.7e-08
    bank  1 tied scale=+0.02387 resid=5.7e-08
    bank  2 tied scale=+0.04774 resid=5.7e-08
    bank  3 tied scale=+0.09547 resid=5.7e-08
    bank  4 tied scale=+0.1909 resid=5.7e-08
    bank  5 tied scale=+0.3819 resid=5.7e-08
    bank  6 tied scale=+0.7638 resid=5.7e-08
    bank  7 tied scale=+1.528 resid=5.7e-08
    bank  8 tied scale=+3.055 resid=5.7e-08
    bank  9 tied scale=+6.11 resid=5.7e-08
  convert transformer.h.12.attn.av_matmul matmul     range=[0,1], [-6.18,5.78]
  reuse   transformer.h.12.ln_2            (layernorm: mbe_pasn)
  reuse   transformer.h.12.mlp.act         (activation: gelu_tanh)
  reuse   transformer.h.13.ln_1            (layernorm: mbe_pasn)
  fitting transformer.h.13.attn.qk_matmul  (matmul)
    bank  1 tied scale=+0.02387 resid=5.7e-08
    bank  2 tied scale=+0.04774 resid=5.7e-08
    bank  3 tied scale=+0.09547 resid=5.7e-08
    bank  4 tied scale=+0.1909 resid=5.7e-08
    bank  5 tied scale=+0.3819 resid=5.7e-08
    bank  6 tied scale=+0.7638 resid=5.7e-08
    bank  7 tied scale=+1.528 resid=5.7e-08
    bank  8 tied scale=+3.055 resid=5.7e-08
    bank  9 tied scale=+6.11 resid=5.7e-08
    bank 10 tied scale=+12.22 resid=5.7e-08
    bank  1 tied scale=+0.02387 resid=5.7e-08
    bank  2 tied scale=+0.04774 resid=5.7e-08
    bank  3 tied scale=+0.09547 resid=5.7e-08
    bank  4 tied scale=+0.1909 resid=5.7e-08
    bank  5 tied scale=+0.3819 resid=5.7e-08
    bank  6 tied scale=+0.7638 resid=5.7e-08
    bank  7 tied scale=+1.528 resid=5.7e-08
    bank  8 tied scale=+3.055 resid=5.7e-08
    bank  9 tied scale=+6.11 resid=5.7e-08
    bank 10 tied scale=+12.22 resid=5.7e-08
    bank 11 tied scale=+24.44 resid=5.7e-08
  convert transformer.h.13.attn.qk_matmul matmul     range=[-12.3,8.89], [-18.1,18]
  fitting transformer.h.13.attn.attn_softmax (softmax)
    bank  0/ 3 near0 s=+1       N=1 T=4 mse=3.04e-06
    bank  1/ 3 mag s=+1 e=-3    N=1 T=4 mse=3.63e-06
    bank  2/ 3 mag s=+1 e=-2    N=1 T=8 mse=1.67e-06
    bank  3/ 3 mag s=+1 e=-1    N=2 T=8 mse=9.62e-06
    bank  0/ 6 near0 s=+1       N=1 T=2 mse=4.94e-06
    bank  1/ 6 mag s=+1 e=-7    N=1 T=2 mse=4.65e-06
    bank  2/ 6 mag s=+1 e=-6    N=1 T=3 mse=4.32e-06
    bank  3/ 6 mag s=+1 e=-5    N=1 T=4 mse=3.89e-06
    bank  4/ 6 mag s=+1 e=-4    N=1 T=6 mse=1.57e-06
    bank  5/ 6 mag s=+1 e=-3    N=1 T=8 mse=1.20e-06
    bank  6/ 6 mag s=+1 e=-2    N=1 T=8 mse=4.51e-06
    bank  1 tied scale=+0.02387 resid=5.7e-08
    bank  2 tied scale=+0.04774 resid=5.7e-08
    bank  3 tied scale=+0.09547 resid=5.7e-08
    bank  4 tied scale=+0.1909 resid=5.7e-08
    bank  5 tied scale=+0.3819 resid=5.7e-08
    bank  6 tied scale=+0.7638 resid=5.7e-08
  convert transformer.h.13.attn.attn_softmax softmax    range=[-3.4e+38,15.8]
  fitting transformer.h.13.attn.av_matmul  (matmul)
    bank  1 tied scale=+0.02387 resid=5.7e-08
    bank  2 tied scale=+0.04774 resid=5.7e-08
    bank  3 tied scale=+0.09547 resid=5.7e-08
    bank  4 tied scale=+0.1909 resid=5.7e-08
    bank  5 tied scale=+0.3819 resid=5.7e-08
    bank  6 tied scale=+0.7638 resid=5.7e-08
    bank  7 tied scale=+1.528 resid=5.7e-08
    bank  1 tied scale=+0.02387 resid=5.7e-08
    bank  2 tied scale=+0.04774 resid=5.7e-08
    bank  3 tied scale=+0.09547 resid=5.7e-08
    bank  4 tied scale=+0.1909 resid=5.7e-08
    bank  5 tied scale=+0.3819 resid=5.7e-08
    bank  6 tied scale=+0.7638 resid=5.7e-08
    bank  7 tied scale=+1.528 resid=5.7e-08
    bank  8 tied scale=+3.055 resid=5.7e-08
    bank  9 tied scale=+6.11 resid=5.7e-08
  convert transformer.h.13.attn.av_matmul matmul     range=[0,1], [-5.92,5.59]
  reuse   transformer.h.13.ln_2            (layernorm: mbe_pasn)
  reuse   transformer.h.13.mlp.act         (activation: gelu_tanh)
  reuse   transformer.h.14.ln_1            (layernorm: mbe_pasn)
  fitting transformer.h.14.attn.qk_matmul  (matmul)
    bank  1 tied scale=+0.02387 resid=5.7e-08
    bank  2 tied scale=+0.04774 resid=5.7e-08
    bank  3 tied scale=+0.09547 resid=5.7e-08
    bank  4 tied scale=+0.1909 resid=5.7e-08
    bank  5 tied scale=+0.3819 resid=5.7e-08
    bank  6 tied scale=+0.7638 resid=5.7e-08
    bank  7 tied scale=+1.528 resid=5.7e-08
    bank  8 tied scale=+3.055 resid=5.7e-08
    bank  9 tied scale=+6.11 resid=5.7e-08
    bank 10 tied scale=+12.22 resid=5.7e-08
    bank  1 tied scale=+0.02387 resid=5.7e-08
    bank  2 tied scale=+0.04774 resid=5.7e-08
    bank  3 tied scale=+0.09547 resid=5.7e-08
    bank  4 tied scale=+0.1909 resid=5.7e-08
    bank  5 tied scale=+0.3819 resid=5.7e-08
    bank  6 tied scale=+0.7638 resid=5.7e-08
    bank  7 tied scale=+1.528 resid=5.7e-08
    bank  8 tied scale=+3.055 resid=5.7e-08
    bank  9 tied scale=+6.11 resid=5.7e-08
    bank 10 tied scale=+12.22 resid=5.7e-08
    bank 11 tied scale=+24.44 resid=5.7e-08
  convert transformer.h.14.attn.qk_matmul matmul     range=[-14.9,9.97], [-15.1,16.5]
  fitting transformer.h.14.attn.attn_softmax (softmax)
    bank  0/ 3 near0 s=+1       N=1 T=4 mse=3.04e-06
    bank  1/ 3 mag s=+1 e=-3    N=1 T=4 mse=3.63e-06
    bank  2/ 3 mag s=+1 e=-2    N=1 T=8 mse=1.67e-06
    bank  3/ 3 mag s=+1 e=-1    N=2 T=8 mse=9.62e-06
    bank  0/ 6 near0 s=+1       N=1 T=2 mse=4.94e-06
    bank  1/ 6 mag s=+1 e=-7    N=1 T=2 mse=4.65e-06
    bank  2/ 6 mag s=+1 e=-6    N=1 T=3 mse=4.32e-06
    bank  3/ 6 mag s=+1 e=-5    N=1 T=4 mse=3.89e-06
    bank  4/ 6 mag s=+1 e=-4    N=1 T=6 mse=1.57e-06
    bank  5/ 6 mag s=+1 e=-3    N=1 T=8 mse=1.20e-06
    bank  6/ 6 mag s=+1 e=-2    N=1 T=8 mse=4.51e-06
    bank  1 tied scale=+0.02387 resid=5.7e-08
    bank  2 tied scale=+0.04774 resid=5.7e-08
    bank  3 tied scale=+0.09547 resid=5.7e-08
    bank  4 tied scale=+0.1909 resid=5.7e-08
    bank  5 tied scale=+0.3819 resid=5.7e-08
    bank  6 tied scale=+0.7638 resid=5.7e-08
  convert transformer.h.14.attn.attn_softmax softmax    range=[-3.4e+38,15.1]
  fitting transformer.h.14.attn.av_matmul  (matmul)
    bank  1 tied scale=+0.02387 resid=5.7e-08
    bank  2 tied scale=+0.04774 resid=5.7e-08
    bank  3 tied scale=+0.09547 resid=5.7e-08
    bank  4 tied scale=+0.1909 resid=5.7e-08
    bank  5 tied scale=+0.3819 resid=5.7e-08
    bank  6 tied scale=+0.7638 resid=5.7e-08
    bank  7 tied scale=+1.528 resid=5.7e-08
    bank  1 tied scale=+0.02387 resid=5.7e-08
    bank  2 tied scale=+0.04774 resid=5.7e-08
    bank  3 tied scale=+0.09547 resid=5.7e-08
    bank  4 tied scale=+0.1909 resid=5.7e-08
    bank  5 tied scale=+0.3819 resid=5.7e-08
    bank  6 tied scale=+0.7638 resid=5.7e-08
    bank  7 tied scale=+1.528 resid=5.7e-08
    bank  8 tied scale=+3.055 resid=5.7e-08
    bank  9 tied scale=+6.11 resid=5.7e-08
  convert transformer.h.14.attn.av_matmul matmul     range=[0,1], [-6.91,6.73]
  reuse   transformer.h.14.ln_2            (layernorm: mbe_pasn)
  reuse   transformer.h.14.mlp.act         (activation: gelu_tanh)
  reuse   transformer.h.15.ln_1            (layernorm: mbe_pasn)
  fitting transformer.h.15.attn.qk_matmul  (matmul)
    bank  1 tied scale=+0.02387 resid=5.7e-08
    bank  2 tied scale=+0.04774 resid=5.7e-08
    bank  3 tied scale=+0.09547 resid=5.7e-08
    bank  4 tied scale=+0.1909 resid=5.7e-08
    bank  5 tied scale=+0.3819 resid=5.7e-08
    bank  6 tied scale=+0.7638 resid=5.7e-08
    bank  7 tied scale=+1.528 resid=5.7e-08
    bank  8 tied scale=+3.055 resid=5.7e-08
    bank  9 tied scale=+6.11 resid=5.7e-08
    bank 10 tied scale=+12.22 resid=5.7e-08
    bank  1 tied scale=+0.02387 resid=5.7e-08
    bank  2 tied scale=+0.04774 resid=5.7e-08
    bank  3 tied scale=+0.09547 resid=5.7e-08
    bank  4 tied scale=+0.1909 resid=5.7e-08
    bank  5 tied scale=+0.3819 resid=5.7e-08
    bank  6 tied scale=+0.7638 resid=5.7e-08
    bank  7 tied scale=+1.528 resid=5.7e-08
    bank  8 tied scale=+3.055 resid=5.7e-08
    bank  9 tied scale=+6.11 resid=5.7e-08
    bank 10 tied scale=+12.22 resid=5.7e-08
    bank 11 tied scale=+24.44 resid=5.7e-08
  convert transformer.h.15.attn.qk_matmul matmul     range=[-9.65,11.5], [-16.4,15.4]
  fitting transformer.h.15.attn.attn_softmax (softmax)
    bank  0/ 3 near0 s=+1       N=1 T=4 mse=3.04e-06
    bank  1/ 3 mag s=+1 e=-3    N=1 T=4 mse=3.63e-06
    bank  2/ 3 mag s=+1 e=-2    N=1 T=8 mse=1.67e-06
    bank  3/ 3 mag s=+1 e=-1    N=2 T=8 mse=9.62e-06
    bank  0/ 6 near0 s=+1       N=1 T=2 mse=4.94e-06
    bank  1/ 6 mag s=+1 e=-7    N=1 T=2 mse=4.65e-06
    bank  2/ 6 mag s=+1 e=-6    N=1 T=3 mse=4.32e-06
    bank  3/ 6 mag s=+1 e=-5    N=1 T=4 mse=3.89e-06
    bank  4/ 6 mag s=+1 e=-4    N=1 T=6 mse=1.57e-06
    bank  5/ 6 mag s=+1 e=-3    N=1 T=8 mse=1.20e-06
    bank  6/ 6 mag s=+1 e=-2    N=1 T=8 mse=4.51e-06
    bank  1 tied scale=+0.02387 resid=5.7e-08
    bank  2 tied scale=+0.04774 resid=5.7e-08
    bank  3 tied scale=+0.09547 resid=5.7e-08
    bank  4 tied scale=+0.1909 resid=5.7e-08
    bank  5 tied scale=+0.3819 resid=5.7e-08
    bank  6 tied scale=+0.7638 resid=5.7e-08
  convert transformer.h.15.attn.attn_softmax softmax    range=[-3.4e+38,13.7]
  fitting transformer.h.15.attn.av_matmul  (matmul)
    bank  1 tied scale=+0.02387 resid=5.7e-08
    bank  2 tied scale=+0.04774 resid=5.7e-08
    bank  3 tied scale=+0.09547 resid=5.7e-08
    bank  4 tied scale=+0.1909 resid=5.7e-08
    bank  5 tied scale=+0.3819 resid=5.7e-08
    bank  6 tied scale=+0.7638 resid=5.7e-08
    bank  7 tied scale=+1.528 resid=5.7e-08
    bank  1 tied scale=+0.02387 resid=5.7e-08
    bank  2 tied scale=+0.04774 resid=5.7e-08
    bank  3 tied scale=+0.09547 resid=5.7e-08
    bank  4 tied scale=+0.1909 resid=5.7e-08
    bank  5 tied scale=+0.3819 resid=5.7e-08
    bank  6 tied scale=+0.7638 resid=5.7e-08
    bank  7 tied scale=+1.528 resid=5.7e-08
    bank  8 tied scale=+3.055 resid=5.7e-08
    bank  9 tied scale=+6.11 resid=5.7e-08
  convert transformer.h.15.attn.av_matmul matmul     range=[0,1], [-6.72,6.64]
  reuse   transformer.h.15.ln_2            (layernorm: mbe_pasn)
  reuse   transformer.h.15.mlp.act         (activation: gelu_tanh)
  reuse   transformer.h.16.ln_1            (layernorm: mbe_pasn)
  fitting transformer.h.16.attn.qk_matmul  (matmul)
    bank  1 tied scale=+0.02387 resid=5.7e-08
    bank  2 tied scale=+0.04774 resid=5.7e-08
    bank  3 tied scale=+0.09547 resid=5.7e-08
    bank  4 tied scale=+0.1909 resid=5.7e-08
    bank  5 tied scale=+0.3819 resid=5.7e-08
    bank  6 tied scale=+0.7638 resid=5.7e-08
    bank  7 tied scale=+1.528 resid=5.7e-08
    bank  8 tied scale=+3.055 resid=5.7e-08
    bank  9 tied scale=+6.11 resid=5.7e-08
    bank 10 tied scale=+12.22 resid=5.7e-08
    bank 11 tied scale=+24.44 resid=5.7e-08
    bank  1 tied scale=+0.02387 resid=5.7e-08
    bank  2 tied scale=+0.04774 resid=5.7e-08
    bank  3 tied scale=+0.09547 resid=5.7e-08
    bank  4 tied scale=+0.1909 resid=5.7e-08
    bank  5 tied scale=+0.3819 resid=5.7e-08
    bank  6 tied scale=+0.7638 resid=5.7e-08
    bank  7 tied scale=+1.528 resid=5.7e-08
    bank  8 tied scale=+3.055 resid=5.7e-08
    bank  9 tied scale=+6.11 resid=5.7e-08
    bank 10 tied scale=+12.22 resid=5.7e-08
    bank 11 tied scale=+24.44 resid=5.7e-08
  convert transformer.h.16.attn.qk_matmul matmul     range=[-11.3,15.5], [-15.2,15.4]
  fitting transformer.h.16.attn.attn_softmax (softmax)
    bank  0/ 3 near0 s=+1       N=1 T=4 mse=3.04e-06
    bank  1/ 3 mag s=+1 e=-3    N=1 T=4 mse=3.63e-06
    bank  2/ 3 mag s=+1 e=-2    N=1 T=8 mse=1.67e-06
    bank  3/ 3 mag s=+1 e=-1    N=2 T=8 mse=9.62e-06
    bank  0/ 6 near0 s=+1       N=1 T=2 mse=4.94e-06
    bank  1/ 6 mag s=+1 e=-7    N=1 T=2 mse=4.65e-06
    bank  2/ 6 mag s=+1 e=-6    N=1 T=3 mse=4.32e-06
    bank  3/ 6 mag s=+1 e=-5    N=1 T=4 mse=3.89e-06
    bank  4/ 6 mag s=+1 e=-4    N=1 T=6 mse=1.57e-06
    bank  5/ 6 mag s=+1 e=-3    N=1 T=8 mse=1.20e-06
    bank  6/ 6 mag s=+1 e=-2    N=1 T=8 mse=4.51e-06
    bank  1 tied scale=+0.02387 resid=5.7e-08
    bank  2 tied scale=+0.04774 resid=5.7e-08
    bank  3 tied scale=+0.09547 resid=5.7e-08
    bank  4 tied scale=+0.1909 resid=5.7e-08
    bank  5 tied scale=+0.3819 resid=5.7e-08
    bank  6 tied scale=+0.7638 resid=5.7e-08
  convert transformer.h.16.attn.attn_softmax softmax    range=[-3.4e+38,13.9]
  fitting transformer.h.16.attn.av_matmul  (matmul)
    bank  1 tied scale=+0.02387 resid=5.7e-08
    bank  2 tied scale=+0.04774 resid=5.7e-08
    bank  3 tied scale=+0.09547 resid=5.7e-08
    bank  4 tied scale=+0.1909 resid=5.7e-08
    bank  5 tied scale=+0.3819 resid=5.7e-08
    bank  6 tied scale=+0.7638 resid=5.7e-08
    bank  7 tied scale=+1.528 resid=5.7e-08
    bank  1 tied scale=+0.02387 resid=5.7e-08
    bank  2 tied scale=+0.04774 resid=5.7e-08
    bank  3 tied scale=+0.09547 resid=5.7e-08
    bank  4 tied scale=+0.1909 resid=5.7e-08
    bank  5 tied scale=+0.3819 resid=5.7e-08
    bank  6 tied scale=+0.7638 resid=5.7e-08
    bank  7 tied scale=+1.528 resid=5.7e-08
    bank  8 tied scale=+3.055 resid=5.7e-08
    bank  9 tied scale=+6.11 resid=5.7e-08
  convert transformer.h.16.attn.av_matmul matmul     range=[0,1], [-6.57,7.21]
  reuse   transformer.h.16.ln_2            (layernorm: mbe_pasn)
  reuse   transformer.h.16.mlp.act         (activation: gelu_tanh)
  reuse   transformer.h.17.ln_1            (layernorm: mbe_pasn)
  fitting transformer.h.17.attn.qk_matmul  (matmul)
    bank  1 tied scale=+0.02387 resid=5.7e-08
    bank  2 tied scale=+0.04774 resid=5.7e-08
    bank  3 tied scale=+0.09547 resid=5.7e-08
    bank  4 tied scale=+0.1909 resid=5.7e-08
    bank  5 tied scale=+0.3819 resid=5.7e-08
    bank  6 tied scale=+0.7638 resid=5.7e-08
    bank  7 tied scale=+1.528 resid=5.7e-08
    bank  8 tied scale=+3.055 resid=5.7e-08
    bank  9 tied scale=+6.11 resid=5.7e-08
    bank 10 tied scale=+12.22 resid=5.7e-08
    bank  1 tied scale=+0.02387 resid=5.7e-08
    bank  2 tied scale=+0.04774 resid=5.7e-08
    bank  3 tied scale=+0.09547 resid=5.7e-08
    bank  4 tied scale=+0.1909 resid=5.7e-08
    bank  5 tied scale=+0.3819 resid=5.7e-08
    bank  6 tied scale=+0.7638 resid=5.7e-08
    bank  7 tied scale=+1.528 resid=5.7e-08
    bank  8 tied scale=+3.055 resid=5.7e-08
    bank  9 tied scale=+6.11 resid=5.7e-08
    bank 10 tied scale=+12.22 resid=5.7e-08
    bank 11 tied scale=+24.44 resid=5.7e-08
  convert transformer.h.17.attn.qk_matmul matmul     range=[-7.77,12.2], [-17.1,15.3]
  fitting transformer.h.17.attn.attn_softmax (softmax)
    bank  0/ 3 near0 s=+1       N=1 T=4 mse=3.04e-06
    bank  1/ 3 mag s=+1 e=-3    N=1 T=4 mse=3.63e-06
    bank  2/ 3 mag s=+1 e=-2    N=1 T=8 mse=1.67e-06
    bank  3/ 3 mag s=+1 e=-1    N=2 T=8 mse=9.62e-06
    bank  0/ 6 near0 s=+1       N=1 T=2 mse=4.94e-06
    bank  1/ 6 mag s=+1 e=-7    N=1 T=2 mse=4.65e-06
    bank  2/ 6 mag s=+1 e=-6    N=1 T=3 mse=4.32e-06
    bank  3/ 6 mag s=+1 e=-5    N=1 T=4 mse=3.89e-06
    bank  4/ 6 mag s=+1 e=-4    N=1 T=6 mse=1.57e-06
    bank  5/ 6 mag s=+1 e=-3    N=1 T=8 mse=1.20e-06
    bank  6/ 6 mag s=+1 e=-2    N=1 T=8 mse=4.51e-06
    bank  1 tied scale=+0.02387 resid=5.7e-08
    bank  2 tied scale=+0.04774 resid=5.7e-08
    bank  3 tied scale=+0.09547 resid=5.7e-08
    bank  4 tied scale=+0.1909 resid=5.7e-08
    bank  5 tied scale=+0.3819 resid=5.7e-08
    bank  6 tied scale=+0.7638 resid=5.7e-08
  convert transformer.h.17.attn.attn_softmax softmax    range=[-3.4e+38,16.4]
  fitting transformer.h.17.attn.av_matmul  (matmul)
    bank  1 tied scale=+0.02387 resid=5.7e-08
    bank  2 tied scale=+0.04774 resid=5.7e-08
    bank  3 tied scale=+0.09547 resid=5.7e-08
    bank  4 tied scale=+0.1909 resid=5.7e-08
    bank  5 tied scale=+0.3819 resid=5.7e-08
    bank  6 tied scale=+0.7638 resid=5.7e-08
    bank  7 tied scale=+1.528 resid=5.7e-08
    bank  1 tied scale=+0.02387 resid=5.7e-08
    bank  2 tied scale=+0.04774 resid=5.7e-08
    bank  3 tied scale=+0.09547 resid=5.7e-08
    bank  4 tied scale=+0.1909 resid=5.7e-08
    bank  5 tied scale=+0.3819 resid=5.7e-08
    bank  6 tied scale=+0.7638 resid=5.7e-08
    bank  7 tied scale=+1.528 resid=5.7e-08
    bank  8 tied scale=+3.055 resid=5.7e-08
    bank  9 tied scale=+6.11 resid=5.7e-08
  convert transformer.h.17.attn.av_matmul matmul     range=[0,1], [-7.46,7.55]
  reuse   transformer.h.17.ln_2            (layernorm: mbe_pasn)
  reuse   transformer.h.17.mlp.act         (activation: gelu_tanh)
  reuse   transformer.h.18.ln_1            (layernorm: mbe_pasn)
  fitting transformer.h.18.attn.qk_matmul  (matmul)
    bank  1 tied scale=+0.02387 resid=5.7e-08
    bank  2 tied scale=+0.04774 resid=5.7e-08
    bank  3 tied scale=+0.09547 resid=5.7e-08
    bank  4 tied scale=+0.1909 resid=5.7e-08
    bank  5 tied scale=+0.3819 resid=5.7e-08
    bank  6 tied scale=+0.7638 resid=5.7e-08
    bank  7 tied scale=+1.528 resid=5.7e-08
    bank  8 tied scale=+3.055 resid=5.7e-08
    bank  9 tied scale=+6.11 resid=5.7e-08
    bank 10 tied scale=+12.22 resid=5.7e-08
    bank  1 tied scale=+0.02387 resid=5.7e-08
    bank  2 tied scale=+0.04774 resid=5.7e-08
    bank  3 tied scale=+0.09547 resid=5.7e-08
    bank  4 tied scale=+0.1909 resid=5.7e-08
    bank  5 tied scale=+0.3819 resid=5.7e-08
    bank  6 tied scale=+0.7638 resid=5.7e-08
    bank  7 tied scale=+1.528 resid=5.7e-08
    bank  8 tied scale=+3.055 resid=5.7e-08
    bank  9 tied scale=+6.11 resid=5.7e-08
    bank 10 tied scale=+12.22 resid=5.7e-08
    bank 11 tied scale=+24.44 resid=5.7e-08
  convert transformer.h.18.attn.qk_matmul matmul     range=[-9.99,10.2], [-15.8,16.4]
  fitting transformer.h.18.attn.attn_softmax (softmax)
    bank  0/ 3 near0 s=+1       N=1 T=4 mse=3.04e-06
    bank  1/ 3 mag s=+1 e=-3    N=1 T=4 mse=3.63e-06
    bank  2/ 3 mag s=+1 e=-2    N=1 T=8 mse=1.67e-06
    bank  3/ 3 mag s=+1 e=-1    N=2 T=8 mse=9.62e-06
    bank  0/ 6 near0 s=+1       N=1 T=2 mse=4.94e-06
    bank  1/ 6 mag s=+1 e=-7    N=1 T=2 mse=4.65e-06
    bank  2/ 6 mag s=+1 e=-6    N=1 T=3 mse=4.32e-06
    bank  3/ 6 mag s=+1 e=-5    N=1 T=4 mse=3.89e-06
    bank  4/ 6 mag s=+1 e=-4    N=1 T=6 mse=1.57e-06
    bank  5/ 6 mag s=+1 e=-3    N=1 T=8 mse=1.20e-06
    bank  6/ 6 mag s=+1 e=-2    N=1 T=8 mse=4.51e-06
    bank  1 tied scale=+0.02387 resid=5.7e-08
    bank  2 tied scale=+0.04774 resid=5.7e-08
    bank  3 tied scale=+0.09547 resid=5.7e-08
    bank  4 tied scale=+0.1909 resid=5.7e-08
    bank  5 tied scale=+0.3819 resid=5.7e-08
    bank  6 tied scale=+0.7638 resid=5.7e-08
  convert transformer.h.18.attn.attn_softmax softmax    range=[-3.4e+38,15.3]
  fitting transformer.h.18.attn.av_matmul  (matmul)
    bank  1 tied scale=+0.02387 resid=5.7e-08
    bank  2 tied scale=+0.04774 resid=5.7e-08
    bank  3 tied scale=+0.09547 resid=5.7e-08
    bank  4 tied scale=+0.1909 resid=5.7e-08
    bank  5 tied scale=+0.3819 resid=5.7e-08
    bank  6 tied scale=+0.7638 resid=5.7e-08
    bank  7 tied scale=+1.528 resid=5.7e-08
    bank  1 tied scale=+0.02387 resid=5.7e-08
    bank  2 tied scale=+0.04774 resid=5.7e-08
    bank  3 tied scale=+0.09547 resid=5.7e-08
    bank  4 tied scale=+0.1909 resid=5.7e-08
    bank  5 tied scale=+0.3819 resid=5.7e-08
    bank  6 tied scale=+0.7638 resid=5.7e-08
    bank  7 tied scale=+1.528 resid=5.7e-08
    bank  8 tied scale=+3.055 resid=5.7e-08
    bank  9 tied scale=+6.11 resid=5.7e-08
  convert transformer.h.18.attn.av_matmul matmul     range=[0,1], [-7,6.92]
  reuse   transformer.h.18.ln_2            (layernorm: mbe_pasn)
  reuse   transformer.h.18.mlp.act         (activation: gelu_tanh)
  reuse   transformer.h.19.ln_1            (layernorm: mbe_pasn)
  fitting transformer.h.19.attn.qk_matmul  (matmul)
    bank  1 tied scale=+0.02387 resid=5.7e-08
    bank  2 tied scale=+0.04774 resid=5.7e-08
    bank  3 tied scale=+0.09547 resid=5.7e-08
    bank  4 tied scale=+0.1909 resid=5.7e-08
    bank  5 tied scale=+0.3819 resid=5.7e-08
    bank  6 tied scale=+0.7638 resid=5.7e-08
    bank  7 tied scale=+1.528 resid=5.7e-08
    bank  8 tied scale=+3.055 resid=5.7e-08
    bank  9 tied scale=+6.11 resid=5.7e-08
    bank 10 tied scale=+12.22 resid=5.7e-08
    bank  1 tied scale=+0.02387 resid=5.7e-08
    bank  2 tied scale=+0.04774 resid=5.7e-08
    bank  3 tied scale=+0.09547 resid=5.7e-08
    bank  4 tied scale=+0.1909 resid=5.7e-08
    bank  5 tied scale=+0.3819 resid=5.7e-08
    bank  6 tied scale=+0.7638 resid=5.7e-08
    bank  7 tied scale=+1.528 resid=5.7e-08
    bank  8 tied scale=+3.055 resid=5.7e-08
    bank  9 tied scale=+6.11 resid=5.7e-08
    bank 10 tied scale=+12.22 resid=5.7e-08
  convert transformer.h.19.attn.qk_matmul matmul     range=[-8.35,9.35], [-10.6,10.9]
  fitting transformer.h.19.attn.attn_softmax (softmax)
    bank  0/ 3 near0 s=+1       N=1 T=4 mse=3.04e-06
    bank  1/ 3 mag s=+1 e=-3    N=1 T=4 mse=3.63e-06
    bank  2/ 3 mag s=+1 e=-2    N=1 T=8 mse=1.67e-06
    bank  3/ 3 mag s=+1 e=-1    N=2 T=8 mse=9.62e-06
    bank  0/ 6 near0 s=+1       N=1 T=2 mse=4.94e-06
    bank  1/ 6 mag s=+1 e=-7    N=1 T=2 mse=4.65e-06
    bank  2/ 6 mag s=+1 e=-6    N=1 T=3 mse=4.32e-06
    bank  3/ 6 mag s=+1 e=-5    N=1 T=4 mse=3.89e-06
    bank  4/ 6 mag s=+1 e=-4    N=1 T=6 mse=1.57e-06
    bank  5/ 6 mag s=+1 e=-3    N=1 T=8 mse=1.20e-06
    bank  6/ 6 mag s=+1 e=-2    N=1 T=8 mse=4.51e-06
    bank  1 tied scale=+0.02387 resid=5.7e-08
    bank  2 tied scale=+0.04774 resid=5.7e-08
    bank  3 tied scale=+0.09547 resid=5.7e-08
    bank  4 tied scale=+0.1909 resid=5.7e-08
    bank  5 tied scale=+0.3819 resid=5.7e-08
    bank  6 tied scale=+0.7638 resid=5.7e-08
  convert transformer.h.19.attn.attn_softmax softmax    range=[-3.4e+38,12.6]
  fitting transformer.h.19.attn.av_matmul  (matmul)
    bank  1 tied scale=+0.02387 resid=5.7e-08
    bank  2 tied scale=+0.04774 resid=5.7e-08
    bank  3 tied scale=+0.09547 resid=5.7e-08
    bank  4 tied scale=+0.1909 resid=5.7e-08
    bank  5 tied scale=+0.3819 resid=5.7e-08
    bank  6 tied scale=+0.7638 resid=5.7e-08
    bank  7 tied scale=+1.528 resid=5.7e-08
    bank  1 tied scale=+0.02387 resid=5.7e-08
    bank  2 tied scale=+0.04774 resid=5.7e-08
    bank  3 tied scale=+0.09547 resid=5.7e-08
    bank  4 tied scale=+0.1909 resid=5.7e-08
    bank  5 tied scale=+0.3819 resid=5.7e-08
    bank  6 tied scale=+0.7638 resid=5.7e-08
    bank  7 tied scale=+1.528 resid=5.7e-08
    bank  8 tied scale=+3.055 resid=5.7e-08
    bank  9 tied scale=+6.11 resid=5.7e-08
    bank 10 tied scale=+12.22 resid=5.7e-08
  convert transformer.h.19.attn.av_matmul matmul     range=[0,1], [-9.25,8.71]
  reuse   transformer.h.19.ln_2            (layernorm: mbe_pasn)
  reuse   transformer.h.19.mlp.act         (activation: gelu_tanh)
  reuse   transformer.h.20.ln_1            (layernorm: mbe_pasn)
  fitting transformer.h.20.attn.qk_matmul  (matmul)
    bank  1 tied scale=+0.02387 resid=5.7e-08
    bank  2 tied scale=+0.04774 resid=5.7e-08
    bank  3 tied scale=+0.09547 resid=5.7e-08
    bank  4 tied scale=+0.1909 resid=5.7e-08
    bank  5 tied scale=+0.3819 resid=5.7e-08
    bank  6 tied scale=+0.7638 resid=5.7e-08
    bank  7 tied scale=+1.528 resid=5.7e-08
    bank  8 tied scale=+3.055 resid=5.7e-08
    bank  9 tied scale=+6.11 resid=5.7e-08
    bank 10 tied scale=+12.22 resid=5.7e-08
    bank  1 tied scale=+0.02387 resid=5.7e-08
    bank  2 tied scale=+0.04774 resid=5.7e-08
    bank  3 tied scale=+0.09547 resid=5.7e-08
    bank  4 tied scale=+0.1909 resid=5.7e-08
    bank  5 tied scale=+0.3819 resid=5.7e-08
    bank  6 tied scale=+0.7638 resid=5.7e-08
    bank  7 tied scale=+1.528 resid=5.7e-08
    bank  8 tied scale=+3.055 resid=5.7e-08
    bank  9 tied scale=+6.11 resid=5.7e-08
    bank 10 tied scale=+12.22 resid=5.7e-08
  convert transformer.h.20.attn.qk_matmul matmul     range=[-8.78,9.45], [-10.9,11.1]
  fitting transformer.h.20.attn.attn_softmax (softmax)
    bank  0/ 3 near0 s=+1       N=1 T=4 mse=3.04e-06
    bank  1/ 3 mag s=+1 e=-3    N=1 T=4 mse=3.63e-06
    bank  2/ 3 mag s=+1 e=-2    N=1 T=8 mse=1.67e-06
    bank  3/ 3 mag s=+1 e=-1    N=2 T=8 mse=9.62e-06
    bank  0/ 6 near0 s=+1       N=1 T=2 mse=4.94e-06
    bank  1/ 6 mag s=+1 e=-7    N=1 T=2 mse=4.65e-06
    bank  2/ 6 mag s=+1 e=-6    N=1 T=3 mse=4.32e-06
    bank  3/ 6 mag s=+1 e=-5    N=1 T=4 mse=3.89e-06
    bank  4/ 6 mag s=+1 e=-4    N=1 T=6 mse=1.57e-06
    bank  5/ 6 mag s=+1 e=-3    N=1 T=8 mse=1.20e-06
    bank  6/ 6 mag s=+1 e=-2    N=1 T=8 mse=4.51e-06
    bank  1 tied scale=+0.02387 resid=5.7e-08
    bank  2 tied scale=+0.04774 resid=5.7e-08
    bank  3 tied scale=+0.09547 resid=5.7e-08
    bank  4 tied scale=+0.1909 resid=5.7e-08
    bank  5 tied scale=+0.3819 resid=5.7e-08
    bank  6 tied scale=+0.7638 resid=5.7e-08
  convert transformer.h.20.attn.attn_softmax softmax    range=[-3.4e+38,11.6]
  fitting transformer.h.20.attn.av_matmul  (matmul)
    bank  1 tied scale=+0.02387 resid=5.7e-08
    bank  2 tied scale=+0.04774 resid=5.7e-08
    bank  3 tied scale=+0.09547 resid=5.7e-08
    bank  4 tied scale=+0.1909 resid=5.7e-08
    bank  5 tied scale=+0.3819 resid=5.7e-08
    bank  6 tied scale=+0.7638 resid=5.7e-08
    bank  7 tied scale=+1.528 resid=5.7e-08
    bank  1 tied scale=+0.02387 resid=5.7e-08
    bank  2 tied scale=+0.04774 resid=5.7e-08
    bank  3 tied scale=+0.09547 resid=5.7e-08
    bank  4 tied scale=+0.1909 resid=5.7e-08
    bank  5 tied scale=+0.3819 resid=5.7e-08
    bank  6 tied scale=+0.7638 resid=5.7e-08
    bank  7 tied scale=+1.528 resid=5.7e-08
    bank  8 tied scale=+3.055 resid=5.7e-08
    bank  9 tied scale=+6.11 resid=5.7e-08
    bank 10 tied scale=+12.22 resid=5.7e-08
  convert transformer.h.20.attn.av_matmul matmul     range=[0,1], [-11.1,10.9]
  reuse   transformer.h.20.ln_2            (layernorm: mbe_pasn)
  reuse   transformer.h.20.mlp.act         (activation: gelu_tanh)
  reuse   transformer.h.21.ln_1            (layernorm: mbe_pasn)
  fitting transformer.h.21.attn.qk_matmul  (matmul)
    bank  1 tied scale=+0.02387 resid=5.7e-08
    bank  2 tied scale=+0.04774 resid=5.7e-08
    bank  3 tied scale=+0.09547 resid=5.7e-08
    bank  4 tied scale=+0.1909 resid=5.7e-08
    bank  5 tied scale=+0.3819 resid=5.7e-08
    bank  6 tied scale=+0.7638 resid=5.7e-08
    bank  7 tied scale=+1.528 resid=5.7e-08
    bank  8 tied scale=+3.055 resid=5.7e-08
    bank  9 tied scale=+6.11 resid=5.7e-08
    bank 10 tied scale=+12.22 resid=5.7e-08
    bank  1 tied scale=+0.02387 resid=5.7e-08
    bank  2 tied scale=+0.04774 resid=5.7e-08
    bank  3 tied scale=+0.09547 resid=5.7e-08
    bank  4 tied scale=+0.1909 resid=5.7e-08
    bank  5 tied scale=+0.3819 resid=5.7e-08
    bank  6 tied scale=+0.7638 resid=5.7e-08
    bank  7 tied scale=+1.528 resid=5.7e-08
    bank  8 tied scale=+3.055 resid=5.7e-08
    bank  9 tied scale=+6.11 resid=5.7e-08
    bank 10 tied scale=+12.22 resid=5.7e-08
  convert transformer.h.21.attn.qk_matmul matmul     range=[-9.72,9.13], [-12.5,11.1]
  fitting transformer.h.21.attn.attn_softmax (softmax)
    bank  0/ 3 near0 s=+1       N=1 T=4 mse=3.04e-06
    bank  1/ 3 mag s=+1 e=-3    N=1 T=4 mse=3.63e-06
    bank  2/ 3 mag s=+1 e=-2    N=1 T=8 mse=1.67e-06
    bank  3/ 3 mag s=+1 e=-1    N=2 T=8 mse=9.62e-06
    bank  0/ 6 near0 s=+1       N=1 T=2 mse=4.94e-06
    bank  1/ 6 mag s=+1 e=-7    N=1 T=2 mse=4.65e-06
    bank  2/ 6 mag s=+1 e=-6    N=1 T=3 mse=4.32e-06
    bank  3/ 6 mag s=+1 e=-5    N=1 T=4 mse=3.89e-06
    bank  4/ 6 mag s=+1 e=-4    N=1 T=6 mse=1.57e-06
    bank  5/ 6 mag s=+1 e=-3    N=1 T=8 mse=1.20e-06
    bank  6/ 6 mag s=+1 e=-2    N=1 T=8 mse=4.51e-06
    bank  1 tied scale=+0.02387 resid=5.7e-08
    bank  2 tied scale=+0.04774 resid=5.7e-08
    bank  3 tied scale=+0.09547 resid=5.7e-08
    bank  4 tied scale=+0.1909 resid=5.7e-08
    bank  5 tied scale=+0.3819 resid=5.7e-08
    bank  6 tied scale=+0.7638 resid=5.7e-08
  convert transformer.h.21.attn.attn_softmax softmax    range=[-3.4e+38,15.9]
  fitting transformer.h.21.attn.av_matmul  (matmul)
    bank  1 tied scale=+0.02387 resid=5.7e-08
    bank  2 tied scale=+0.04774 resid=5.7e-08
    bank  3 tied scale=+0.09547 resid=5.7e-08
    bank  4 tied scale=+0.1909 resid=5.7e-08
    bank  5 tied scale=+0.3819 resid=5.7e-08
    bank  6 tied scale=+0.7638 resid=5.7e-08
    bank  7 tied scale=+1.528 resid=5.7e-08
    bank  1 tied scale=+0.02387 resid=5.7e-08
    bank  2 tied scale=+0.04774 resid=5.7e-08
    bank  3 tied scale=+0.09547 resid=5.7e-08
    bank  4 tied scale=+0.1909 resid=5.7e-08
    bank  5 tied scale=+0.3819 resid=5.7e-08
    bank  6 tied scale=+0.7638 resid=5.7e-08
    bank  7 tied scale=+1.528 resid=5.7e-08
    bank  8 tied scale=+3.055 resid=5.7e-08
    bank  9 tied scale=+6.11 resid=5.7e-08
    bank 10 tied scale=+12.22 resid=5.7e-08
  convert transformer.h.21.attn.av_matmul matmul     range=[0,1], [-9.35,10.7]
  reuse   transformer.h.21.ln_2            (layernorm: mbe_pasn)
  reuse   transformer.h.21.mlp.act         (activation: gelu_tanh)
  reuse   transformer.h.22.ln_1            (layernorm: mbe_pasn)
  fitting transformer.h.22.attn.qk_matmul  (matmul)
    bank  1 tied scale=+0.02387 resid=5.7e-08
    bank  2 tied scale=+0.04774 resid=5.7e-08
    bank  3 tied scale=+0.09547 resid=5.7e-08
    bank  4 tied scale=+0.1909 resid=5.7e-08
    bank  5 tied scale=+0.3819 resid=5.7e-08
    bank  6 tied scale=+0.7638 resid=5.7e-08
    bank  7 tied scale=+1.528 resid=5.7e-08
    bank  8 tied scale=+3.055 resid=5.7e-08
    bank  9 tied scale=+6.11 resid=5.7e-08
    bank 10 tied scale=+12.22 resid=5.7e-08
    bank  1 tied scale=+0.02387 resid=5.7e-08
    bank  2 tied scale=+0.04774 resid=5.7e-08
    bank  3 tied scale=+0.09547 resid=5.7e-08
    bank  4 tied scale=+0.1909 resid=5.7e-08
    bank  5 tied scale=+0.3819 resid=5.7e-08
    bank  6 tied scale=+0.7638 resid=5.7e-08
    bank  7 tied scale=+1.528 resid=5.7e-08
    bank  8 tied scale=+3.055 resid=5.7e-08
    bank  9 tied scale=+6.11 resid=5.7e-08
    bank 10 tied scale=+12.22 resid=5.7e-08
  convert transformer.h.22.attn.qk_matmul matmul     range=[-8.71,8.87], [-9.65,9.91]
  fitting transformer.h.22.attn.attn_softmax (softmax)
    bank  0/ 3 near0 s=+1       N=1 T=4 mse=3.04e-06
    bank  1/ 3 mag s=+1 e=-3    N=1 T=4 mse=3.63e-06
    bank  2/ 3 mag s=+1 e=-2    N=1 T=8 mse=1.67e-06
    bank  3/ 3 mag s=+1 e=-1    N=2 T=8 mse=9.62e-06
    bank  0/ 6 near0 s=+1       N=1 T=2 mse=4.94e-06
    bank  1/ 6 mag s=+1 e=-7    N=1 T=2 mse=4.65e-06
    bank  2/ 6 mag s=+1 e=-6    N=1 T=3 mse=4.32e-06
    bank  3/ 6 mag s=+1 e=-5    N=1 T=4 mse=3.89e-06
    bank  4/ 6 mag s=+1 e=-4    N=1 T=6 mse=1.57e-06
    bank  5/ 6 mag s=+1 e=-3    N=1 T=8 mse=1.20e-06
    bank  6/ 6 mag s=+1 e=-2    N=1 T=8 mse=4.51e-06
    bank  1 tied scale=+0.02387 resid=5.7e-08
    bank  2 tied scale=+0.04774 resid=5.7e-08
    bank  3 tied scale=+0.09547 resid=5.7e-08
    bank  4 tied scale=+0.1909 resid=5.7e-08
    bank  5 tied scale=+0.3819 resid=5.7e-08
    bank  6 tied scale=+0.7638 resid=5.7e-08
  convert transformer.h.22.attn.attn_softmax softmax    range=[-3.4e+38,26.1]
  fitting transformer.h.22.attn.av_matmul  (matmul)
    bank  1 tied scale=+0.02387 resid=5.7e-08
    bank  2 tied scale=+0.04774 resid=5.7e-08
    bank  3 tied scale=+0.09547 resid=5.7e-08
    bank  4 tied scale=+0.1909 resid=5.7e-08
    bank  5 tied scale=+0.3819 resid=5.7e-08
    bank  6 tied scale=+0.7638 resid=5.7e-08
    bank  7 tied scale=+1.528 resid=5.7e-08
    bank  1 tied scale=+0.02387 resid=5.7e-08
    bank  2 tied scale=+0.04774 resid=5.7e-08
    bank  3 tied scale=+0.09547 resid=5.7e-08
    bank  4 tied scale=+0.1909 resid=5.7e-08
    bank  5 tied scale=+0.3819 resid=5.7e-08
    bank  6 tied scale=+0.7638 resid=5.7e-08
    bank  7 tied scale=+1.528 resid=5.7e-08
    bank  8 tied scale=+3.055 resid=5.7e-08
    bank  9 tied scale=+6.11 resid=5.7e-08
    bank 10 tied scale=+12.22 resid=5.7e-08
  convert transformer.h.22.attn.av_matmul matmul     range=[0,1], [-10.1,10.4]
  reuse   transformer.h.22.ln_2            (layernorm: mbe_pasn)
  reuse   transformer.h.22.mlp.act         (activation: gelu_tanh)
  reuse   transformer.h.23.ln_1            (layernorm: mbe_pasn)
  fitting transformer.h.23.attn.qk_matmul  (matmul)
    bank  1 tied scale=+0.02387 resid=5.7e-08
    bank  2 tied scale=+0.04774 resid=5.7e-08
    bank  3 tied scale=+0.09547 resid=5.7e-08
    bank  4 tied scale=+0.1909 resid=5.7e-08
    bank  5 tied scale=+0.3819 resid=5.7e-08
    bank  6 tied scale=+0.7638 resid=5.7e-08
    bank  7 tied scale=+1.528 resid=5.7e-08
    bank  8 tied scale=+3.055 resid=5.7e-08
    bank  9 tied scale=+6.11 resid=5.7e-08
    bank 10 tied scale=+12.22 resid=5.7e-08
    bank  1 tied scale=+0.02387 resid=5.7e-08
    bank  2 tied scale=+0.04774 resid=5.7e-08
    bank  3 tied scale=+0.09547 resid=5.7e-08
    bank  4 tied scale=+0.1909 resid=5.7e-08
    bank  5 tied scale=+0.3819 resid=5.7e-08
    bank  6 tied scale=+0.7638 resid=5.7e-08
    bank  7 tied scale=+1.528 resid=5.7e-08
    bank  8 tied scale=+3.055 resid=5.7e-08
    bank  9 tied scale=+6.11 resid=5.7e-08
    bank 10 tied scale=+12.22 resid=5.7e-08
  convert transformer.h.23.attn.qk_matmul matmul     range=[-9.99,8.44], [-8.7,8.25]
  fitting transformer.h.23.attn.attn_softmax (softmax)
    bank  0/ 3 near0 s=+1       N=1 T=4 mse=3.04e-06
    bank  1/ 3 mag s=+1 e=-3    N=1 T=4 mse=3.63e-06
    bank  2/ 3 mag s=+1 e=-2    N=1 T=8 mse=1.67e-06
    bank  3/ 3 mag s=+1 e=-1    N=2 T=8 mse=9.62e-06
    bank  0/ 6 near0 s=+1       N=1 T=2 mse=4.94e-06
    bank  1/ 6 mag s=+1 e=-7    N=1 T=2 mse=4.65e-06
    bank  2/ 6 mag s=+1 e=-6    N=1 T=3 mse=4.32e-06
    bank  3/ 6 mag s=+1 e=-5    N=1 T=4 mse=3.89e-06
    bank  4/ 6 mag s=+1 e=-4    N=1 T=6 mse=1.57e-06
    bank  5/ 6 mag s=+1 e=-3    N=1 T=8 mse=1.20e-06
    bank  6/ 6 mag s=+1 e=-2    N=1 T=8 mse=4.51e-06
    bank  1 tied scale=+0.02387 resid=5.7e-08
    bank  2 tied scale=+0.04774 resid=5.7e-08
    bank  3 tied scale=+0.09547 resid=5.7e-08
    bank  4 tied scale=+0.1909 resid=5.7e-08
    bank  5 tied scale=+0.3819 resid=5.7e-08
    bank  6 tied scale=+0.7638 resid=5.7e-08
  convert transformer.h.23.attn.attn_softmax softmax    range=[-3.4e+38,25.3]
  fitting transformer.h.23.attn.av_matmul  (matmul)
    bank  1 tied scale=+0.02387 resid=5.7e-08
    bank  2 tied scale=+0.04774 resid=5.7e-08
    bank  3 tied scale=+0.09547 resid=5.7e-08
    bank  4 tied scale=+0.1909 resid=5.7e-08
    bank  5 tied scale=+0.3819 resid=5.7e-08
    bank  6 tied scale=+0.7638 resid=5.7e-08
    bank  7 tied scale=+1.528 resid=5.7e-08
    bank  1 tied scale=+0.02387 resid=5.7e-08
    bank  2 tied scale=+0.04774 resid=5.7e-08
    bank  3 tied scale=+0.09547 resid=5.7e-08
    bank  4 tied scale=+0.1909 resid=5.7e-08
    bank  5 tied scale=+0.3819 resid=5.7e-08
    bank  6 tied scale=+0.7638 resid=5.7e-08
    bank  7 tied scale=+1.528 resid=5.7e-08
    bank  8 tied scale=+3.055 resid=5.7e-08
    bank  9 tied scale=+6.11 resid=5.7e-08
    bank 10 tied scale=+12.22 resid=5.7e-08
  convert transformer.h.23.attn.av_matmul matmul     range=[0,1], [-12.5,11.7]
  reuse   transformer.h.23.ln_2            (layernorm: mbe_pasn)
  reuse   transformer.h.23.mlp.act         (activation: gelu_tanh)
  reuse   transformer.ln_f                 (layernorm: mbe_pasn)
[build] conversion took 44.4 min
[cost mbe_pasn] activations=24  T=3  stored bases/act=33  active bases/input=1.01  activation spikes/input=1.46
[spikes mbe_pasn] total=7.828e+08 over 512 model-input elements  ->  1528947.65 spikes per input element
    softmax     39.2%  3.065e+08 spikes over 72 primitive(s)
    layernorm   29.6%  2.315e+08 spikes over 147 primitive(s)
    matmul      21.7%  1.698e+08 spikes over 96 primitive(s)
    activation   9.6%  7.499e+07 spikes over 24 primitive(s)
    [ops/input] cmp=16503811.4 router=8004390.0 ac=3057895.3 mac=2528594.8 bitop=1334065.0 poly=345231.3
    [energy]    38029087.2 pJ per input element (45 nm model, mbe.metrics.OP_ENERGY_PJ)
[store mbe_pasn] params=13472  bytes=53888  primitives=339  (naive=120092, shared 2.23x)  roles={'alpha': 7328, 'bias': 5208, 'readout': 12040, 'tau': 29312}
  [SNN-mbe_pasn s=1024] win 10/281  0.07 win/s  ETA 68.5 min
  [SNN-mbe_pasn s=1024] win 20/281  0.07 win/s  ETA 66.0 min
  [SNN-mbe_pasn s=1024] win 30/281  0.07 win/s  ETA 63.5 min
  [SNN-mbe_pasn s=1024] win 40/281  0.07 win/s  ETA 61.0 min
  [SNN-mbe_pasn s=1024] win 50/281  0.07 win/s  ETA 58.4 min
  [SNN-mbe_pasn s=1024] win 60/281  0.07 win/s  ETA 55.9 min
  [SNN-mbe_pasn s=1024] win 70/281  0.07 win/s  ETA 53.3 min
  [SNN-mbe_pasn s=1024] win 80/281  0.07 win/s  ETA 50.8 min
  [SNN-mbe_pasn s=1024] win 90/281  0.07 win/s  ETA 48.3 min
  [SNN-mbe_pasn s=1024] win 100/281  0.07 win/s  ETA 45.7 min
  [SNN-mbe_pasn s=1024] win 110/281  0.07 win/s  ETA 43.2 min
  [SNN-mbe_pasn s=1024] win 120/281  0.07 win/s  ETA 40.7 min
  [SNN-mbe_pasn s=1024] win 130/281  0.07 win/s  ETA 38.2 min
  [SNN-mbe_pasn s=1024] win 140/281  0.07 win/s  ETA 35.6 min
  [SNN-mbe_pasn s=1024] win 150/281  0.07 win/s  ETA 33.1 min
  [SNN-mbe_pasn s=1024] win 160/281  0.07 win/s  ETA 30.6 min
  [SNN-mbe_pasn s=1024] win 170/281  0.07 win/s  ETA 28.1 min
  [SNN-mbe_pasn s=1024] win 180/281  0.07 win/s  ETA 25.5 min
  [SNN-mbe_pasn s=1024] win 190/281  0.07 win/s  ETA 23.0 min
  [SNN-mbe_pasn s=1024] win 200/281  0.07 win/s  ETA 20.5 min
  [SNN-mbe_pasn s=1024] win 210/281  0.07 win/s  ETA 17.9 min
  [SNN-mbe_pasn s=1024] win 220/281  0.07 win/s  ETA 15.4 min
  [SNN-mbe_pasn s=1024] win 230/281  0.07 win/s  ETA 12.9 min
  [SNN-mbe_pasn s=1024] win 240/281  0.07 win/s  ETA 10.4 min
  [SNN-mbe_pasn s=1024] win 250/281  0.07 win/s  ETA 7.8 min
  [SNN-mbe_pasn s=1024] win 260/281  0.07 win/s  ETA 5.3 min
  [SNN-mbe_pasn s=1024] win 270/281  0.07 win/s  ETA 2.8 min
  [SNN-mbe_pasn s=1024] win 280/281  0.07 win/s  ETA 0.3 min
  [SNN-mbe_pasn s=1024] win 281/281  0.07 win/s  ETA 0.0 min
SNN (mbe_pasn) perplexity = 21.7192   (delta +0.06%)  [stride=1024]
[json] wrote record 2 to results/freeze_e1.json
=== E1 alloc arm, global T=4 ===
Warning: You are sending unauthenticated requests to the HF Hub. Please set a HF_TOKEN to enable higher rate limits and faster downloads.
Loading weights:   0%|          | 0/292 [00:00<?, ?it/s]Loading weights: 100%|██████████| 292/292 [00:00<00:00, 4327.72it/s]
[transformers] Token indices sequence length is longer than the specified maximum sequence length for this model (287644 > 1024). Running this sequence through the model will result in indexing errors
[transformers] `loss_type=None` was set in the config but it is unrecognized. Using the default loss: `ForCausalLMLoss`.
  [ANN s=1024] win 10/281  10.89 win/s  ETA 0.4 min
  [ANN s=1024] win 20/281  11.43 win/s  ETA 0.4 min
  [ANN s=1024] win 30/281  11.63 win/s  ETA 0.4 min
  [ANN s=1024] win 40/281  11.73 win/s  ETA 0.3 min
  [ANN s=1024] win 50/281  11.79 win/s  ETA 0.3 min
  [ANN s=1024] win 60/281  11.82 win/s  ETA 0.3 min
  [ANN s=1024] win 70/281  11.85 win/s  ETA 0.3 min
  [ANN s=1024] win 80/281  11.87 win/s  ETA 0.3 min
  [ANN s=1024] win 90/281  11.89 win/s  ETA 0.3 min
  [ANN s=1024] win 100/281  11.90 win/s  ETA 0.3 min
  [ANN s=1024] win 110/281  11.91 win/s  ETA 0.2 min
  [ANN s=1024] win 120/281  11.92 win/s  ETA 0.2 min
  [ANN s=1024] win 130/281  11.93 win/s  ETA 0.2 min
  [ANN s=1024] win 140/281  11.93 win/s  ETA 0.2 min
  [ANN s=1024] win 150/281  11.94 win/s  ETA 0.2 min
  [ANN s=1024] win 160/281  11.94 win/s  ETA 0.2 min
  [ANN s=1024] win 170/281  11.94 win/s  ETA 0.2 min
  [ANN s=1024] win 180/281  11.94 win/s  ETA 0.1 min
  [ANN s=1024] win 190/281  11.95 win/s  ETA 0.1 min
  [ANN s=1024] win 200/281  11.95 win/s  ETA 0.1 min
  [ANN s=1024] win 210/281  11.95 win/s  ETA 0.1 min
  [ANN s=1024] win 220/281  11.95 win/s  ETA 0.1 min
  [ANN s=1024] win 230/281  11.95 win/s  ETA 0.1 min
  [ANN s=1024] win 240/281  11.95 win/s  ETA 0.1 min
  [ANN s=1024] win 250/281  11.95 win/s  ETA 0.0 min
  [ANN s=1024] win 260/281  11.96 win/s  ETA 0.0 min
  [ANN s=1024] win 270/281  11.96 win/s  ETA 0.0 min
  [ANN s=1024] win 280/281  11.96 win/s  ETA 0.0 min
  [ANN s=1024] win 281/281  11.96 win/s  ETA 0.0 min
ANN (gpt2-medium) perplexity = 21.7058  [eval=sliding, ctx=1024, stride=1024]
marked 24 GELU activations; converting (backend=mbe_pasn) ...
marked 24 attention blocks (QK^T / softmax / attn*V); Stage 2
  fitting conversion primitives on cuda:0
  fitting transformer.h.0.ln_1             (layernorm)
    bank  0/ 3 unreachable      (outside (0.5, 2.0))
    bank  1/ 3 unreachable      (outside (0.5, 2.0))
    bank  2/ 3 mag s=+1 e=-1    N=1 T=4 mse=7.37e-05
    bank  3/ 3 mag s=+1 e=0     N=1 T=4 mse=3.69e-05
    bank  1 tied scale=+0.02387 resid=5.7e-08
    bank  2 tied scale=+0.04774 resid=5.7e-08
    bank  3 tied scale=+0.09547 resid=5.7e-08
    bank  4 tied scale=+0.1909 resid=5.7e-08
    bank  5 tied scale=+0.3819 resid=5.7e-08
    bank  6 tied scale=+0.7638 resid=5.7e-08
    bank  7 tied scale=+1.528 resid=5.7e-08
    bank  8 tied scale=+3.055 resid=5.7e-08
    bank  9 tied scale=+6.11 resid=5.7e-08
    bank 10 tied scale=+12.22 resid=5.7e-08
    bank 11 tied scale=+24.44 resid=5.7e-08
    bank 12 tied scale=+48.88 resid=5.7e-08
    bank 13 tied scale=+97.76 resid=5.7e-08
    bank 14 tied scale=+195.5 resid=5.7e-08
    bank 15 tied scale=+391 resid=5.7e-08
    bank 16 tied scale=+782.1 resid=5.7e-08
    bank 17 tied scale=+1564 resid=5.7e-08
    bank 18 tied scale=+3128 resid=5.7e-08
    bank 19 tied scale=+6257 resid=5.7e-08
    bank  1 tied scale=+0.02387 resid=5.7e-08
    bank  2 tied scale=+0.04774 resid=5.7e-08
    bank  3 tied scale=+0.09547 resid=5.7e-08
    bank  4 tied scale=+0.1909 resid=5.7e-08
    bank  5 tied scale=+0.3819 resid=5.7e-08
    bank  6 tied scale=+0.7638 resid=5.7e-08
    bank  7 tied scale=+1.528 resid=5.7e-08
    bank  8 tied scale=+3.055 resid=5.7e-08
    bank  9 tied scale=+6.11 resid=5.7e-08
    bank 10 tied scale=+12.22 resid=5.7e-08
  convert transformer.h.0.ln_1   layernorm  range=[-2.56,2.65]
  fitting transformer.h.0.attn.qk_matmul   (matmul)
    bank  1 tied scale=+0.02387 resid=5.7e-08
    bank  2 tied scale=+0.04774 resid=5.7e-08
    bank  3 tied scale=+0.09547 resid=5.7e-08
    bank  4 tied scale=+0.1909 resid=5.7e-08
    bank  5 tied scale=+0.3819 resid=5.7e-08
    bank  6 tied scale=+0.7638 resid=5.7e-08
    bank  7 tied scale=+1.528 resid=5.7e-08
    bank  8 tied scale=+3.055 resid=5.7e-08
    bank  9 tied scale=+6.11 resid=5.7e-08
    bank  1 tied scale=+0.02387 resid=5.7e-08
    bank  2 tied scale=+0.04774 resid=5.7e-08
    bank  3 tied scale=+0.09547 resid=5.7e-08
    bank  4 tied scale=+0.1909 resid=5.7e-08
    bank  5 tied scale=+0.3819 resid=5.7e-08
    bank  6 tied scale=+0.7638 resid=5.7e-08
    bank  7 tied scale=+1.528 resid=5.7e-08
    bank  8 tied scale=+3.055 resid=5.7e-08
    bank  9 tied scale=+6.11 resid=5.7e-08
  convert transformer.h.0.attn.qk_matmul matmul     range=[-5.06,5.23], [-5.71,6.2]
  fitting transformer.h.0.attn.attn_softmax (softmax)
    bank  0/ 3 near0 s=+1       N=1 T=4 mse=3.04e-06
    bank  1/ 3 mag s=+1 e=-3    N=1 T=4 mse=3.63e-06
    bank  2/ 3 mag s=+1 e=-2    N=1 T=4 mse=1.89e-05
    bank  3/ 3 mag s=+1 e=-1    N=2 T=4 mse=1.50e-04
    bank  0/ 6 near0 s=+1       N=1 T=2 mse=4.94e-06
    bank  1/ 6 mag s=+1 e=-7    N=1 T=2 mse=4.65e-06
    bank  2/ 6 mag s=+1 e=-6    N=1 T=3 mse=4.32e-06
    bank  3/ 6 mag s=+1 e=-5    N=1 T=4 mse=3.89e-06
    bank  4/ 6 mag s=+1 e=-4    N=1 T=4 mse=1.07e-05
    bank  5/ 6 mag s=+1 e=-3    N=1 T=4 mse=2.34e-05
    bank  6/ 6 mag s=+1 e=-2    N=1 T=4 mse=3.78e-05
    bank  1 tied scale=+0.02387 resid=5.7e-08
    bank  2 tied scale=+0.04774 resid=5.7e-08
    bank  3 tied scale=+0.09547 resid=5.7e-08
    bank  4 tied scale=+0.1909 resid=5.7e-08
    bank  5 tied scale=+0.3819 resid=5.7e-08
    bank  6 tied scale=+0.7638 resid=5.7e-08
  convert transformer.h.0.attn.attn_softmax softmax    range=[-3.4e+38,9.48]
  fitting transformer.h.0.attn.av_matmul   (matmul)
    bank  1 tied scale=+0.02387 resid=5.7e-08
    bank  2 tied scale=+0.04774 resid=5.7e-08
    bank  3 tied scale=+0.09547 resid=5.7e-08
    bank  4 tied scale=+0.1909 resid=5.7e-08
    bank  5 tied scale=+0.3819 resid=5.7e-08
    bank  6 tied scale=+0.7638 resid=5.7e-08
    bank  7 tied scale=+1.528 resid=5.7e-08
    bank  1 tied scale=+0.02387 resid=5.7e-08
    bank  2 tied scale=+0.04774 resid=5.7e-08
    bank  3 tied scale=+0.09547 resid=5.7e-08
    bank  4 tied scale=+0.1909 resid=5.7e-08
    bank  5 tied scale=+0.3819 resid=5.7e-08
    bank  6 tied scale=+0.7638 resid=5.7e-08
  convert transformer.h.0.attn.av_matmul matmul     range=[0,1], [-0.651,0.638]
  reuse   transformer.h.0.ln_2             (layernorm: mbe_pasn)
  fitting transformer.h.0.mlp.act          (activation)
    bank  0/21 near0 s=-1       N=1 T=3 mse=4.16e-06
    bank  1/21 near0 s=+1       N=1 T=3 mse=6.38e-06
    bank  2/21 mag s=-1 e=-3    N=1 T=2 mse=1.01e-05
    bank  3/21 mag s=-1 e=-2    N=1 T=3 mse=3.98e-06
    bank  4/21 mag s=-1 e=-1    N=1 T=2 mse=4.02e-06
    bank  5/21 mag s=-1 e=0     N=1 T=4 mse=5.53e-06
    bank  6/21 mag s=-1 e=1     N=1 T=2 mse=8.45e-06
    bank  7/21 mag s=-1 e=2     N=1 T=2 mse=1.71e-11
    bank  8/21 mag s=-1 e=3     N=1 T=2 mse=0.00e+00
    bank  9/21 mag s=-1 e=4     N=1 T=2 mse=0.00e+00
    bank 10/21 mag s=-1 e=5     N=1 T=2 mse=0.00e+00
    bank 11/21 unreachable      (outside (-39.13423042297363, 82.28855018615722))
    bank 12/21 mag s=+1 e=-3    N=1 T=3 mse=8.80e-06
    bank 13/21 mag s=+1 e=-2    N=1 T=4 mse=1.43e-05
    bank 14/21 mag s=+1 e=-1    N=1 T=4 mse=9.13e-05
    bank 15/21 mag s=+1 e=0     N=2 T=4 mse=4.20e-04
    bank 16/21 mag s=+1 e=1     N=2 T=4 mse=1.53e-03
    bank 17/21 mag s=+1 e=2     N=3 T=4 mse=3.80e-03
    bank 18/21 mag s=+1 e=3     N=3 T=4 mse=1.53e-02
    bank 19/21 mag s=+1 e=4     N=3 T=4 mse=6.00e-02
    bank 20/21 mag s=+1 e=5     N=3 T=4 mse=2.41e-01
    bank 21/21 mag s=+1 e=6     N=3 T=4 mse=8.31e-02
  convert transformer.h.0.mlp.act activation range=[-14.4,10.4]
  reuse   transformer.h.1.ln_1             (layernorm: mbe_pasn)
  fitting transformer.h.1.attn.qk_matmul   (matmul)
    bank  1 tied scale=+0.02387 resid=5.7e-08
    bank  2 tied scale=+0.04774 resid=5.7e-08
    bank  3 tied scale=+0.09547 resid=5.7e-08
    bank  4 tied scale=+0.1909 resid=5.7e-08
    bank  5 tied scale=+0.3819 resid=5.7e-08
    bank  6 tied scale=+0.7638 resid=5.7e-08
    bank  7 tied scale=+1.528 resid=5.7e-08
    bank  8 tied scale=+3.055 resid=5.7e-08
    bank  9 tied scale=+6.11 resid=5.7e-08
    bank  1 tied scale=+0.02387 resid=5.7e-08
    bank  2 tied scale=+0.04774 resid=5.7e-08
    bank  3 tied scale=+0.09547 resid=5.7e-08
    bank  4 tied scale=+0.1909 resid=5.7e-08
    bank  5 tied scale=+0.3819 resid=5.7e-08
    bank  6 tied scale=+0.7638 resid=5.7e-08
    bank  7 tied scale=+1.528 resid=5.7e-08
    bank  8 tied scale=+3.055 resid=5.7e-08
    bank  9 tied scale=+6.11 resid=5.7e-08
  convert transformer.h.1.attn.qk_matmul matmul     range=[-5.72,5.93], [-5.96,6.82]
  fitting transformer.h.1.attn.attn_softmax (softmax)
    bank  0/ 3 near0 s=+1       N=1 T=4 mse=3.04e-06
    bank  1/ 3 mag s=+1 e=-3    N=1 T=4 mse=3.63e-06
    bank  2/ 3 mag s=+1 e=-2    N=1 T=4 mse=1.89e-05
    bank  3/ 3 mag s=+1 e=-1    N=2 T=4 mse=1.50e-04
    bank  0/ 6 near0 s=+1       N=1 T=2 mse=4.94e-06
    bank  1/ 6 mag s=+1 e=-7    N=1 T=2 mse=4.65e-06
    bank  2/ 6 mag s=+1 e=-6    N=1 T=3 mse=4.32e-06
    bank  3/ 6 mag s=+1 e=-5    N=1 T=4 mse=3.89e-06
    bank  4/ 6 mag s=+1 e=-4    N=1 T=4 mse=1.07e-05
    bank  5/ 6 mag s=+1 e=-3    N=1 T=4 mse=2.34e-05
    bank  6/ 6 mag s=+1 e=-2    N=1 T=4 mse=3.78e-05
    bank  1 tied scale=+0.02387 resid=5.7e-08
    bank  2 tied scale=+0.04774 resid=5.7e-08
    bank  3 tied scale=+0.09547 resid=5.7e-08
    bank  4 tied scale=+0.1909 resid=5.7e-08
    bank  5 tied scale=+0.3819 resid=5.7e-08
    bank  6 tied scale=+0.7638 resid=5.7e-08
  convert transformer.h.1.attn.attn_softmax softmax    range=[-3.4e+38,13.6]
  fitting transformer.h.1.attn.av_matmul   (matmul)
    bank  1 tied scale=+0.02387 resid=5.7e-08
    bank  2 tied scale=+0.04774 resid=5.7e-08
    bank  3 tied scale=+0.09547 resid=5.7e-08
    bank  4 tied scale=+0.1909 resid=5.7e-08
    bank  5 tied scale=+0.3819 resid=5.7e-08
    bank  6 tied scale=+0.7638 resid=5.7e-08
    bank  7 tied scale=+1.528 resid=5.7e-08
    bank  1 tied scale=+0.02387 resid=5.7e-08
    bank  2 tied scale=+0.04774 resid=5.7e-08
    bank  3 tied scale=+0.09547 resid=5.7e-08
    bank  4 tied scale=+0.1909 resid=5.7e-08
    bank  5 tied scale=+0.3819 resid=5.7e-08
    bank  6 tied scale=+0.7638 resid=5.7e-08
    bank  7 tied scale=+1.528 resid=5.7e-08
    bank  8 tied scale=+3.055 resid=5.7e-08
    bank  9 tied scale=+6.11 resid=5.7e-08
  convert transformer.h.1.attn.av_matmul matmul     range=[0,1], [-4.7,4.86]
  reuse   transformer.h.1.ln_2             (layernorm: mbe_pasn)
  reuse   transformer.h.1.mlp.act          (activation: gelu_tanh)
  reuse   transformer.h.2.ln_1             (layernorm: mbe_pasn)
  fitting transformer.h.2.attn.qk_matmul   (matmul)
    bank  1 tied scale=+0.02387 resid=5.7e-08
    bank  2 tied scale=+0.04774 resid=5.7e-08
    bank  3 tied scale=+0.09547 resid=5.7e-08
    bank  4 tied scale=+0.1909 resid=5.7e-08
    bank  5 tied scale=+0.3819 resid=5.7e-08
    bank  6 tied scale=+0.7638 resid=5.7e-08
    bank  7 tied scale=+1.528 resid=5.7e-08
    bank  8 tied scale=+3.055 resid=5.7e-08
    bank  9 tied scale=+6.11 resid=5.7e-08
    bank 10 tied scale=+12.22 resid=5.7e-08
    bank  1 tied scale=+0.02387 resid=5.7e-08
    bank  2 tied scale=+0.04774 resid=5.7e-08
    bank  3 tied scale=+0.09547 resid=5.7e-08
    bank  4 tied scale=+0.1909 resid=5.7e-08
    bank  5 tied scale=+0.3819 resid=5.7e-08
    bank  6 tied scale=+0.7638 resid=5.7e-08
    bank  7 tied scale=+1.528 resid=5.7e-08
    bank  8 tied scale=+3.055 resid=5.7e-08
    bank  9 tied scale=+6.11 resid=5.7e-08
    bank 10 tied scale=+12.22 resid=5.7e-08
  convert transformer.h.2.attn.qk_matmul matmul     range=[-11.2,11.1], [-14.2,14.4]
  fitting transformer.h.2.attn.attn_softmax (softmax)
    bank  0/ 3 near0 s=+1       N=1 T=4 mse=3.04e-06
    bank  1/ 3 mag s=+1 e=-3    N=1 T=4 mse=3.63e-06
    bank  2/ 3 mag s=+1 e=-2    N=1 T=4 mse=1.89e-05
    bank  3/ 3 mag s=+1 e=-1    N=2 T=4 mse=1.50e-04
    bank  0/ 6 near0 s=+1       N=1 T=2 mse=4.94e-06
    bank  1/ 6 mag s=+1 e=-7    N=1 T=2 mse=4.65e-06
    bank  2/ 6 mag s=+1 e=-6    N=1 T=3 mse=4.32e-06
    bank  3/ 6 mag s=+1 e=-5    N=1 T=4 mse=3.89e-06
    bank  4/ 6 mag s=+1 e=-4    N=1 T=4 mse=1.07e-05
    bank  5/ 6 mag s=+1 e=-3    N=1 T=4 mse=2.34e-05
    bank  6/ 6 mag s=+1 e=-2    N=1 T=4 mse=3.78e-05
    bank  1 tied scale=+0.02387 resid=5.7e-08
    bank  2 tied scale=+0.04774 resid=5.7e-08
    bank  3 tied scale=+0.09547 resid=5.7e-08
    bank  4 tied scale=+0.1909 resid=5.7e-08
    bank  5 tied scale=+0.3819 resid=5.7e-08
    bank  6 tied scale=+0.7638 resid=5.7e-08
  convert transformer.h.2.attn.attn_softmax softmax    range=[-3.4e+38,20.4]
  fitting transformer.h.2.attn.av_matmul   (matmul)
    bank  1 tied scale=+0.02387 resid=5.7e-08
    bank  2 tied scale=+0.04774 resid=5.7e-08
    bank  3 tied scale=+0.09547 resid=5.7e-08
    bank  4 tied scale=+0.1909 resid=5.7e-08
    bank  5 tied scale=+0.3819 resid=5.7e-08
    bank  6 tied scale=+0.7638 resid=5.7e-08
    bank  7 tied scale=+1.528 resid=5.7e-08
    bank  1 tied scale=+0.02387 resid=5.7e-08
    bank  2 tied scale=+0.04774 resid=5.7e-08
    bank  3 tied scale=+0.09547 resid=5.7e-08
    bank  4 tied scale=+0.1909 resid=5.7e-08
    bank  5 tied scale=+0.3819 resid=5.7e-08
    bank  6 tied scale=+0.7638 resid=5.7e-08
    bank  7 tied scale=+1.528 resid=5.7e-08
    bank  8 tied scale=+3.055 resid=5.7e-08
    bank  9 tied scale=+6.11 resid=5.7e-08
  convert transformer.h.2.attn.av_matmul matmul     range=[0,1], [-4.73,7.59]
  reuse   transformer.h.2.ln_2             (layernorm: mbe_pasn)
  reuse   transformer.h.2.mlp.act          (activation: gelu_tanh)
  reuse   transformer.h.3.ln_1             (layernorm: mbe_pasn)
  fitting transformer.h.3.attn.qk_matmul   (matmul)
    bank  1 tied scale=+0.02387 resid=5.7e-08
    bank  2 tied scale=+0.04774 resid=5.7e-08
    bank  3 tied scale=+0.09547 resid=5.7e-08
    bank  4 tied scale=+0.1909 resid=5.7e-08
    bank  5 tied scale=+0.3819 resid=5.7e-08
    bank  6 tied scale=+0.7638 resid=5.7e-08
    bank  7 tied scale=+1.528 resid=5.7e-08
    bank  8 tied scale=+3.055 resid=5.7e-08
    bank  9 tied scale=+6.11 resid=5.7e-08
    bank 10 tied scale=+12.22 resid=5.7e-08
    bank  1 tied scale=+0.02387 resid=5.7e-08
    bank  2 tied scale=+0.04774 resid=5.7e-08
    bank  3 tied scale=+0.09547 resid=5.7e-08
    bank  4 tied scale=+0.1909 resid=5.7e-08
    bank  5 tied scale=+0.3819 resid=5.7e-08
    bank  6 tied scale=+0.7638 resid=5.7e-08
    bank  7 tied scale=+1.528 resid=5.7e-08
    bank  8 tied scale=+3.055 resid=5.7e-08
    bank  9 tied scale=+6.11 resid=5.7e-08
    bank 10 tied scale=+12.22 resid=5.7e-08
    bank 11 tied scale=+24.44 resid=5.7e-08
  convert transformer.h.3.attn.qk_matmul matmul     range=[-14,11.8], [-21.1,22.1]
  fitting transformer.h.3.attn.attn_softmax (softmax)
    bank  0/ 3 near0 s=+1       N=1 T=4 mse=3.04e-06
    bank  1/ 3 mag s=+1 e=-3    N=1 T=4 mse=3.63e-06
    bank  2/ 3 mag s=+1 e=-2    N=1 T=4 mse=1.89e-05
    bank  3/ 3 mag s=+1 e=-1    N=2 T=4 mse=1.50e-04
    bank  0/ 6 near0 s=+1       N=1 T=2 mse=4.94e-06
    bank  1/ 6 mag s=+1 e=-7    N=1 T=2 mse=4.65e-06
    bank  2/ 6 mag s=+1 e=-6    N=1 T=3 mse=4.32e-06
    bank  3/ 6 mag s=+1 e=-5    N=1 T=4 mse=3.89e-06
    bank  4/ 6 mag s=+1 e=-4    N=1 T=4 mse=1.07e-05
    bank  5/ 6 mag s=+1 e=-3    N=1 T=4 mse=2.34e-05
    bank  6/ 6 mag s=+1 e=-2    N=1 T=4 mse=3.78e-05
    bank  1 tied scale=+0.02387 resid=5.7e-08
    bank  2 tied scale=+0.04774 resid=5.7e-08
    bank  3 tied scale=+0.09547 resid=5.7e-08
    bank  4 tied scale=+0.1909 resid=5.7e-08
    bank  5 tied scale=+0.3819 resid=5.7e-08
    bank  6 tied scale=+0.7638 resid=5.7e-08
  convert transformer.h.3.attn.attn_softmax softmax    range=[-3.4e+38,16.9]
  fitting transformer.h.3.attn.av_matmul   (matmul)
    bank  1 tied scale=+0.02387 resid=5.7e-08
    bank  2 tied scale=+0.04774 resid=5.7e-08
    bank  3 tied scale=+0.09547 resid=5.7e-08
    bank  4 tied scale=+0.1909 resid=5.7e-08
    bank  5 tied scale=+0.3819 resid=5.7e-08
    bank  6 tied scale=+0.7638 resid=5.7e-08
    bank  7 tied scale=+1.528 resid=5.7e-08
    bank  1 tied scale=+0.02387 resid=5.7e-08
    bank  2 tied scale=+0.04774 resid=5.7e-08
    bank  3 tied scale=+0.09547 resid=5.7e-08
    bank  4 tied scale=+0.1909 resid=5.7e-08
    bank  5 tied scale=+0.3819 resid=5.7e-08
    bank  6 tied scale=+0.7638 resid=5.7e-08
    bank  7 tied scale=+1.528 resid=5.7e-08
    bank  8 tied scale=+3.055 resid=5.7e-08
    bank  9 tied scale=+6.11 resid=5.7e-08
  convert transformer.h.3.attn.av_matmul matmul     range=[0,1], [-5.26,4.91]
  reuse   transformer.h.3.ln_2             (layernorm: mbe_pasn)
  reuse   transformer.h.3.mlp.act          (activation: gelu_tanh)
  reuse   transformer.h.4.ln_1             (layernorm: mbe_pasn)
  fitting transformer.h.4.attn.qk_matmul   (matmul)
    bank  1 tied scale=+0.02387 resid=5.7e-08
    bank  2 tied scale=+0.04774 resid=5.7e-08
    bank  3 tied scale=+0.09547 resid=5.7e-08
    bank  4 tied scale=+0.1909 resid=5.7e-08
    bank  5 tied scale=+0.3819 resid=5.7e-08
    bank  6 tied scale=+0.7638 resid=5.7e-08
    bank  7 tied scale=+1.528 resid=5.7e-08
    bank  8 tied scale=+3.055 resid=5.7e-08
    bank  9 tied scale=+6.11 resid=5.7e-08
    bank 10 tied scale=+12.22 resid=5.7e-08
    bank  1 tied scale=+0.02387 resid=5.7e-08
    bank  2 tied scale=+0.04774 resid=5.7e-08
    bank  3 tied scale=+0.09547 resid=5.7e-08
    bank  4 tied scale=+0.1909 resid=5.7e-08
    bank  5 tied scale=+0.3819 resid=5.7e-08
    bank  6 tied scale=+0.7638 resid=5.7e-08
    bank  7 tied scale=+1.528 resid=5.7e-08
    bank  8 tied scale=+3.055 resid=5.7e-08
    bank  9 tied scale=+6.11 resid=5.7e-08
    bank 10 tied scale=+12.22 resid=5.7e-08
    bank 11 tied scale=+24.44 resid=5.7e-08
  convert transformer.h.4.attn.qk_matmul matmul     range=[-13,13.6], [-22.2,20.9]
  fitting transformer.h.4.attn.attn_softmax (softmax)
    bank  0/ 3 near0 s=+1       N=1 T=4 mse=3.04e-06
    bank  1/ 3 mag s=+1 e=-3    N=1 T=4 mse=3.63e-06
    bank  2/ 3 mag s=+1 e=-2    N=1 T=4 mse=1.89e-05
    bank  3/ 3 mag s=+1 e=-1    N=2 T=4 mse=1.50e-04
    bank  0/ 6 near0 s=+1       N=1 T=2 mse=4.94e-06
    bank  1/ 6 mag s=+1 e=-7    N=1 T=2 mse=4.65e-06
    bank  2/ 6 mag s=+1 e=-6    N=1 T=3 mse=4.32e-06
    bank  3/ 6 mag s=+1 e=-5    N=1 T=4 mse=3.89e-06
    bank  4/ 6 mag s=+1 e=-4    N=1 T=4 mse=1.07e-05
    bank  5/ 6 mag s=+1 e=-3    N=1 T=4 mse=2.34e-05
    bank  6/ 6 mag s=+1 e=-2    N=1 T=4 mse=3.78e-05
    bank  1 tied scale=+0.02387 resid=5.7e-08
    bank  2 tied scale=+0.04774 resid=5.7e-08
    bank  3 tied scale=+0.09547 resid=5.7e-08
    bank  4 tied scale=+0.1909 resid=5.7e-08
    bank  5 tied scale=+0.3819 resid=5.7e-08
    bank  6 tied scale=+0.7638 resid=5.7e-08
  convert transformer.h.4.attn.attn_softmax softmax    range=[-3.4e+38,62.8]
  fitting transformer.h.4.attn.av_matmul   (matmul)
    bank  1 tied scale=+0.02387 resid=5.7e-08
    bank  2 tied scale=+0.04774 resid=5.7e-08
    bank  3 tied scale=+0.09547 resid=5.7e-08
    bank  4 tied scale=+0.1909 resid=5.7e-08
    bank  5 tied scale=+0.3819 resid=5.7e-08
    bank  6 tied scale=+0.7638 resid=5.7e-08
    bank  7 tied scale=+1.528 resid=5.7e-08
    bank  1 tied scale=+0.02387 resid=5.7e-08
    bank  2 tied scale=+0.04774 resid=5.7e-08
    bank  3 tied scale=+0.09547 resid=5.7e-08
    bank  4 tied scale=+0.1909 resid=5.7e-08
    bank  5 tied scale=+0.3819 resid=5.7e-08
    bank  6 tied scale=+0.7638 resid=5.7e-08
    bank  7 tied scale=+1.528 resid=5.7e-08
    bank  8 tied scale=+3.055 resid=5.7e-08
    bank  9 tied scale=+6.11 resid=5.7e-08
  convert transformer.h.4.attn.av_matmul matmul     range=[0,1], [-3.98,3.35]
  reuse   transformer.h.4.ln_2             (layernorm: mbe_pasn)
  reuse   transformer.h.4.mlp.act          (activation: gelu_tanh)
  reuse   transformer.h.5.ln_1             (layernorm: mbe_pasn)
  fitting transformer.h.5.attn.qk_matmul   (matmul)
    bank  1 tied scale=+0.02387 resid=5.7e-08
    bank  2 tied scale=+0.04774 resid=5.7e-08
    bank  3 tied scale=+0.09547 resid=5.7e-08
    bank  4 tied scale=+0.1909 resid=5.7e-08
    bank  5 tied scale=+0.3819 resid=5.7e-08
    bank  6 tied scale=+0.7638 resid=5.7e-08
    bank  7 tied scale=+1.528 resid=5.7e-08
    bank  8 tied scale=+3.055 resid=5.7e-08
    bank  9 tied scale=+6.11 resid=5.7e-08
    bank 10 tied scale=+12.22 resid=5.7e-08
    bank 11 tied scale=+24.44 resid=5.7e-08
    bank  1 tied scale=+0.02387 resid=5.7e-08
    bank  2 tied scale=+0.04774 resid=5.7e-08
    bank  3 tied scale=+0.09547 resid=5.7e-08
    bank  4 tied scale=+0.1909 resid=5.7e-08
    bank  5 tied scale=+0.3819 resid=5.7e-08
    bank  6 tied scale=+0.7638 resid=5.7e-08
    bank  7 tied scale=+1.528 resid=5.7e-08
    bank  8 tied scale=+3.055 resid=5.7e-08
    bank  9 tied scale=+6.11 resid=5.7e-08
    bank 10 tied scale=+12.22 resid=5.7e-08
    bank 11 tied scale=+24.44 resid=5.7e-08
  convert transformer.h.5.attn.qk_matmul matmul     range=[-18,14.4], [-21.9,23]
  fitting transformer.h.5.attn.attn_softmax (softmax)
    bank  0/ 3 near0 s=+1       N=1 T=4 mse=3.04e-06
    bank  1/ 3 mag s=+1 e=-3    N=1 T=4 mse=3.63e-06
    bank  2/ 3 mag s=+1 e=-2    N=1 T=4 mse=1.89e-05
    bank  3/ 3 mag s=+1 e=-1    N=2 T=4 mse=1.50e-04
    bank  0/ 6 near0 s=+1       N=1 T=2 mse=4.94e-06
    bank  1/ 6 mag s=+1 e=-7    N=1 T=2 mse=4.65e-06
    bank  2/ 6 mag s=+1 e=-6    N=1 T=3 mse=4.32e-06
    bank  3/ 6 mag s=+1 e=-5    N=1 T=4 mse=3.89e-06
    bank  4/ 6 mag s=+1 e=-4    N=1 T=4 mse=1.07e-05
    bank  5/ 6 mag s=+1 e=-3    N=1 T=4 mse=2.34e-05
    bank  6/ 6 mag s=+1 e=-2    N=1 T=4 mse=3.78e-05
    bank  1 tied scale=+0.02387 resid=5.7e-08
    bank  2 tied scale=+0.04774 resid=5.7e-08
    bank  3 tied scale=+0.09547 resid=5.7e-08
    bank  4 tied scale=+0.1909 resid=5.7e-08
    bank  5 tied scale=+0.3819 resid=5.7e-08
    bank  6 tied scale=+0.7638 resid=5.7e-08
  convert transformer.h.5.attn.attn_softmax softmax    range=[-3.4e+38,63.6]
  fitting transformer.h.5.attn.av_matmul   (matmul)
    bank  1 tied scale=+0.02387 resid=5.7e-08
    bank  2 tied scale=+0.04774 resid=5.7e-08
    bank  3 tied scale=+0.09547 resid=5.7e-08
    bank  4 tied scale=+0.1909 resid=5.7e-08
    bank  5 tied scale=+0.3819 resid=5.7e-08
    bank  6 tied scale=+0.7638 resid=5.7e-08
    bank  7 tied scale=+1.528 resid=5.7e-08
    bank  1 tied scale=+0.02387 resid=5.7e-08
    bank  2 tied scale=+0.04774 resid=5.7e-08
    bank  3 tied scale=+0.09547 resid=5.7e-08
    bank  4 tied scale=+0.1909 resid=5.7e-08
    bank  5 tied scale=+0.3819 resid=5.7e-08
    bank  6 tied scale=+0.7638 resid=5.7e-08
    bank  7 tied scale=+1.528 resid=5.7e-08
    bank  8 tied scale=+3.055 resid=5.7e-08
    bank  9 tied scale=+6.11 resid=5.7e-08
  convert transformer.h.5.attn.av_matmul matmul     range=[0,1], [-3.95,3.5]
  reuse   transformer.h.5.ln_2             (layernorm: mbe_pasn)
  reuse   transformer.h.5.mlp.act          (activation: gelu_tanh)
  reuse   transformer.h.6.ln_1             (layernorm: mbe_pasn)
  fitting transformer.h.6.attn.qk_matmul   (matmul)
    bank  1 tied scale=+0.02387 resid=5.7e-08
    bank  2 tied scale=+0.04774 resid=5.7e-08
    bank  3 tied scale=+0.09547 resid=5.7e-08
    bank  4 tied scale=+0.1909 resid=5.7e-08
    bank  5 tied scale=+0.3819 resid=5.7e-08
    bank  6 tied scale=+0.7638 resid=5.7e-08
    bank  7 tied scale=+1.528 resid=5.7e-08
    bank  8 tied scale=+3.055 resid=5.7e-08
    bank  9 tied scale=+6.11 resid=5.7e-08
    bank 10 tied scale=+12.22 resid=5.7e-08
    bank  1 tied scale=+0.02387 resid=5.7e-08
    bank  2 tied scale=+0.04774 resid=5.7e-08
    bank  3 tied scale=+0.09547 resid=5.7e-08
    bank  4 tied scale=+0.1909 resid=5.7e-08
    bank  5 tied scale=+0.3819 resid=5.7e-08
    bank  6 tied scale=+0.7638 resid=5.7e-08
    bank  7 tied scale=+1.528 resid=5.7e-08
    bank  8 tied scale=+3.055 resid=5.7e-08
    bank  9 tied scale=+6.11 resid=5.7e-08
    bank 10 tied scale=+12.22 resid=5.7e-08
    bank 11 tied scale=+24.44 resid=5.7e-08
  convert transformer.h.6.attn.qk_matmul matmul     range=[-13,10], [-18.9,17]
  fitting transformer.h.6.attn.attn_softmax (softmax)
    bank  0/ 3 near0 s=+1       N=1 T=4 mse=3.04e-06
    bank  1/ 3 mag s=+1 e=-3    N=1 T=4 mse=3.63e-06
    bank  2/ 3 mag s=+1 e=-2    N=1 T=4 mse=1.89e-05
    bank  3/ 3 mag s=+1 e=-1    N=2 T=4 mse=1.50e-04
    bank  0/ 6 near0 s=+1       N=1 T=2 mse=4.94e-06
    bank  1/ 6 mag s=+1 e=-7    N=1 T=2 mse=4.65e-06
    bank  2/ 6 mag s=+1 e=-6    N=1 T=3 mse=4.32e-06
    bank  3/ 6 mag s=+1 e=-5    N=1 T=4 mse=3.89e-06
    bank  4/ 6 mag s=+1 e=-4    N=1 T=4 mse=1.07e-05
    bank  5/ 6 mag s=+1 e=-3    N=1 T=4 mse=2.34e-05
    bank  6/ 6 mag s=+1 e=-2    N=1 T=4 mse=3.78e-05
    bank  1 tied scale=+0.02387 resid=5.7e-08
    bank  2 tied scale=+0.04774 resid=5.7e-08
    bank  3 tied scale=+0.09547 resid=5.7e-08
    bank  4 tied scale=+0.1909 resid=5.7e-08
    bank  5 tied scale=+0.3819 resid=5.7e-08
    bank  6 tied scale=+0.7638 resid=5.7e-08
  convert transformer.h.6.attn.attn_softmax softmax    range=[-3.4e+38,30.2]
  fitting transformer.h.6.attn.av_matmul   (matmul)
    bank  1 tied scale=+0.02387 resid=5.7e-08
    bank  2 tied scale=+0.04774 resid=5.7e-08
    bank  3 tied scale=+0.09547 resid=5.7e-08
    bank  4 tied scale=+0.1909 resid=5.7e-08
    bank  5 tied scale=+0.3819 resid=5.7e-08
    bank  6 tied scale=+0.7638 resid=5.7e-08
    bank  7 tied scale=+1.528 resid=5.7e-08
    bank  1 tied scale=+0.02387 resid=5.7e-08
    bank  2 tied scale=+0.04774 resid=5.7e-08
    bank  3 tied scale=+0.09547 resid=5.7e-08
    bank  4 tied scale=+0.1909 resid=5.7e-08
    bank  5 tied scale=+0.3819 resid=5.7e-08
    bank  6 tied scale=+0.7638 resid=5.7e-08
    bank  7 tied scale=+1.528 resid=5.7e-08
    bank  8 tied scale=+3.055 resid=5.7e-08
    bank  9 tied scale=+6.11 resid=5.7e-08
  convert transformer.h.6.attn.av_matmul matmul     range=[0,1], [-4.61,6.42]
  reuse   transformer.h.6.ln_2             (layernorm: mbe_pasn)
  reuse   transformer.h.6.mlp.act          (activation: gelu_tanh)
  reuse   transformer.h.7.ln_1             (layernorm: mbe_pasn)
  fitting transformer.h.7.attn.qk_matmul   (matmul)
    bank  1 tied scale=+0.02387 resid=5.7e-08
    bank  2 tied scale=+0.04774 resid=5.7e-08
    bank  3 tied scale=+0.09547 resid=5.7e-08
    bank  4 tied scale=+0.1909 resid=5.7e-08
    bank  5 tied scale=+0.3819 resid=5.7e-08
    bank  6 tied scale=+0.7638 resid=5.7e-08
    bank  7 tied scale=+1.528 resid=5.7e-08
    bank  8 tied scale=+3.055 resid=5.7e-08
    bank  9 tied scale=+6.11 resid=5.7e-08
    bank 10 tied scale=+12.22 resid=5.7e-08
    bank  1 tied scale=+0.02387 resid=5.7e-08
    bank  2 tied scale=+0.04774 resid=5.7e-08
    bank  3 tied scale=+0.09547 resid=5.7e-08
    bank  4 tied scale=+0.1909 resid=5.7e-08
    bank  5 tied scale=+0.3819 resid=5.7e-08
    bank  6 tied scale=+0.7638 resid=5.7e-08
    bank  7 tied scale=+1.528 resid=5.7e-08
    bank  8 tied scale=+3.055 resid=5.7e-08
    bank  9 tied scale=+6.11 resid=5.7e-08
    bank 10 tied scale=+12.22 resid=5.7e-08
  convert transformer.h.7.attn.qk_matmul matmul     range=[-12.8,12.2], [-11.9,14.1]
  fitting transformer.h.7.attn.attn_softmax (softmax)
    bank  0/ 3 near0 s=+1       N=1 T=4 mse=3.04e-06
    bank  1/ 3 mag s=+1 e=-3    N=1 T=4 mse=3.63e-06
    bank  2/ 3 mag s=+1 e=-2    N=1 T=4 mse=1.89e-05
    bank  3/ 3 mag s=+1 e=-1    N=2 T=4 mse=1.50e-04
    bank  0/ 6 near0 s=+1       N=1 T=2 mse=4.94e-06
    bank  1/ 6 mag s=+1 e=-7    N=1 T=2 mse=4.65e-06
    bank  2/ 6 mag s=+1 e=-6    N=1 T=3 mse=4.32e-06
    bank  3/ 6 mag s=+1 e=-5    N=1 T=4 mse=3.89e-06
    bank  4/ 6 mag s=+1 e=-4    N=1 T=4 mse=1.07e-05
    bank  5/ 6 mag s=+1 e=-3    N=1 T=4 mse=2.34e-05
    bank  6/ 6 mag s=+1 e=-2    N=1 T=4 mse=3.78e-05
    bank  1 tied scale=+0.02387 resid=5.7e-08
    bank  2 tied scale=+0.04774 resid=5.7e-08
    bank  3 tied scale=+0.09547 resid=5.7e-08
    bank  4 tied scale=+0.1909 resid=5.7e-08
    bank  5 tied scale=+0.3819 resid=5.7e-08
    bank  6 tied scale=+0.7638 resid=5.7e-08
  convert transformer.h.7.attn.attn_softmax softmax    range=[-3.4e+38,24.4]
  fitting transformer.h.7.attn.av_matmul   (matmul)
    bank  1 tied scale=+0.02387 resid=5.7e-08
    bank  2 tied scale=+0.04774 resid=5.7e-08
    bank  3 tied scale=+0.09547 resid=5.7e-08
    bank  4 tied scale=+0.1909 resid=5.7e-08
    bank  5 tied scale=+0.3819 resid=5.7e-08
    bank  6 tied scale=+0.7638 resid=5.7e-08
    bank  7 tied scale=+1.528 resid=5.7e-08
    bank  1 tied scale=+0.02387 resid=5.7e-08
    bank  2 tied scale=+0.04774 resid=5.7e-08
    bank  3 tied scale=+0.09547 resid=5.7e-08
    bank  4 tied scale=+0.1909 resid=5.7e-08
    bank  5 tied scale=+0.3819 resid=5.7e-08
    bank  6 tied scale=+0.7638 resid=5.7e-08
    bank  7 tied scale=+1.528 resid=5.7e-08
    bank  8 tied scale=+3.055 resid=5.7e-08
    bank  9 tied scale=+6.11 resid=5.7e-08
  convert transformer.h.7.attn.av_matmul matmul     range=[0,1], [-4.58,5.44]
  reuse   transformer.h.7.ln_2             (layernorm: mbe_pasn)
  reuse   transformer.h.7.mlp.act          (activation: gelu_tanh)
  reuse   transformer.h.8.ln_1             (layernorm: mbe_pasn)
  fitting transformer.h.8.attn.qk_matmul   (matmul)
    bank  1 tied scale=+0.02387 resid=5.7e-08
    bank  2 tied scale=+0.04774 resid=5.7e-08
    bank  3 tied scale=+0.09547 resid=5.7e-08
    bank  4 tied scale=+0.1909 resid=5.7e-08
    bank  5 tied scale=+0.3819 resid=5.7e-08
    bank  6 tied scale=+0.7638 resid=5.7e-08
    bank  7 tied scale=+1.528 resid=5.7e-08
    bank  8 tied scale=+3.055 resid=5.7e-08
    bank  9 tied scale=+6.11 resid=5.7e-08
    bank 10 tied scale=+12.22 resid=5.7e-08
    bank  1 tied scale=+0.02387 resid=5.7e-08
    bank  2 tied scale=+0.04774 resid=5.7e-08
    bank  3 tied scale=+0.09547 resid=5.7e-08
    bank  4 tied scale=+0.1909 resid=5.7e-08
    bank  5 tied scale=+0.3819 resid=5.7e-08
    bank  6 tied scale=+0.7638 resid=5.7e-08
    bank  7 tied scale=+1.528 resid=5.7e-08
    bank  8 tied scale=+3.055 resid=5.7e-08
    bank  9 tied scale=+6.11 resid=5.7e-08
    bank 10 tied scale=+12.22 resid=5.7e-08
    bank 11 tied scale=+24.44 resid=5.7e-08
  convert transformer.h.8.attn.qk_matmul matmul     range=[-9.83,9.62], [-13.3,15.8]
  fitting transformer.h.8.attn.attn_softmax (softmax)
    bank  0/ 3 near0 s=+1       N=1 T=4 mse=3.04e-06
    bank  1/ 3 mag s=+1 e=-3    N=1 T=4 mse=3.63e-06
    bank  2/ 3 mag s=+1 e=-2    N=1 T=4 mse=1.89e-05
    bank  3/ 3 mag s=+1 e=-1    N=2 T=4 mse=1.50e-04
    bank  0/ 6 near0 s=+1       N=1 T=2 mse=4.94e-06
    bank  1/ 6 mag s=+1 e=-7    N=1 T=2 mse=4.65e-06
    bank  2/ 6 mag s=+1 e=-6    N=1 T=3 mse=4.32e-06
    bank  3/ 6 mag s=+1 e=-5    N=1 T=4 mse=3.89e-06
    bank  4/ 6 mag s=+1 e=-4    N=1 T=4 mse=1.07e-05
    bank  5/ 6 mag s=+1 e=-3    N=1 T=4 mse=2.34e-05
    bank  6/ 6 mag s=+1 e=-2    N=1 T=4 mse=3.78e-05
    bank  1 tied scale=+0.02387 resid=5.7e-08
    bank  2 tied scale=+0.04774 resid=5.7e-08
    bank  3 tied scale=+0.09547 resid=5.7e-08
    bank  4 tied scale=+0.1909 resid=5.7e-08
    bank  5 tied scale=+0.3819 resid=5.7e-08
    bank  6 tied scale=+0.7638 resid=5.7e-08
  convert transformer.h.8.attn.attn_softmax softmax    range=[-3.4e+38,13.2]
  fitting transformer.h.8.attn.av_matmul   (matmul)
    bank  1 tied scale=+0.02387 resid=5.7e-08
    bank  2 tied scale=+0.04774 resid=5.7e-08
    bank  3 tied scale=+0.09547 resid=5.7e-08
    bank  4 tied scale=+0.1909 resid=5.7e-08
    bank  5 tied scale=+0.3819 resid=5.7e-08
    bank  6 tied scale=+0.7638 resid=5.7e-08
    bank  7 tied scale=+1.528 resid=5.7e-08
    bank  1 tied scale=+0.02387 resid=5.7e-08
    bank  2 tied scale=+0.04774 resid=5.7e-08
    bank  3 tied scale=+0.09547 resid=5.7e-08
    bank  4 tied scale=+0.1909 resid=5.7e-08
    bank  5 tied scale=+0.3819 resid=5.7e-08
    bank  6 tied scale=+0.7638 resid=5.7e-08
    bank  7 tied scale=+1.528 resid=5.7e-08
    bank  8 tied scale=+3.055 resid=5.7e-08
    bank  9 tied scale=+6.11 resid=5.7e-08
  convert transformer.h.8.attn.av_matmul matmul     range=[0,1], [-4.79,4.97]
  reuse   transformer.h.8.ln_2             (layernorm: mbe_pasn)
  reuse   transformer.h.8.mlp.act          (activation: gelu_tanh)
  reuse   transformer.h.9.ln_1             (layernorm: mbe_pasn)
  fitting transformer.h.9.attn.qk_matmul   (matmul)
    bank  1 tied scale=+0.02387 resid=5.7e-08
    bank  2 tied scale=+0.04774 resid=5.7e-08
    bank  3 tied scale=+0.09547 resid=5.7e-08
    bank  4 tied scale=+0.1909 resid=5.7e-08
    bank  5 tied scale=+0.3819 resid=5.7e-08
    bank  6 tied scale=+0.7638 resid=5.7e-08
    bank  7 tied scale=+1.528 resid=5.7e-08
    bank  8 tied scale=+3.055 resid=5.7e-08
    bank  9 tied scale=+6.11 resid=5.7e-08
    bank 10 tied scale=+12.22 resid=5.7e-08
    bank  1 tied scale=+0.02387 resid=5.7e-08
    bank  2 tied scale=+0.04774 resid=5.7e-08
    bank  3 tied scale=+0.09547 resid=5.7e-08
    bank  4 tied scale=+0.1909 resid=5.7e-08
    bank  5 tied scale=+0.3819 resid=5.7e-08
    bank  6 tied scale=+0.7638 resid=5.7e-08
    bank  7 tied scale=+1.528 resid=5.7e-08
    bank  8 tied scale=+3.055 resid=5.7e-08
    bank  9 tied scale=+6.11 resid=5.7e-08
    bank 10 tied scale=+12.22 resid=5.7e-08
  convert transformer.h.9.attn.qk_matmul matmul     range=[-14.5,11.9], [-12.3,13.2]
  fitting transformer.h.9.attn.attn_softmax (softmax)
    bank  0/ 3 near0 s=+1       N=1 T=4 mse=3.04e-06
    bank  1/ 3 mag s=+1 e=-3    N=1 T=4 mse=3.63e-06
    bank  2/ 3 mag s=+1 e=-2    N=1 T=4 mse=1.89e-05
    bank  3/ 3 mag s=+1 e=-1    N=2 T=4 mse=1.50e-04
    bank  0/ 6 near0 s=+1       N=1 T=2 mse=4.94e-06
    bank  1/ 6 mag s=+1 e=-7    N=1 T=2 mse=4.65e-06
    bank  2/ 6 mag s=+1 e=-6    N=1 T=3 mse=4.32e-06
    bank  3/ 6 mag s=+1 e=-5    N=1 T=4 mse=3.89e-06
    bank  4/ 6 mag s=+1 e=-4    N=1 T=4 mse=1.07e-05
    bank  5/ 6 mag s=+1 e=-3    N=1 T=4 mse=2.34e-05
    bank  6/ 6 mag s=+1 e=-2    N=1 T=4 mse=3.78e-05
    bank  1 tied scale=+0.02387 resid=5.7e-08
    bank  2 tied scale=+0.04774 resid=5.7e-08
    bank  3 tied scale=+0.09547 resid=5.7e-08
    bank  4 tied scale=+0.1909 resid=5.7e-08
    bank  5 tied scale=+0.3819 resid=5.7e-08
    bank  6 tied scale=+0.7638 resid=5.7e-08
  convert transformer.h.9.attn.attn_softmax softmax    range=[-3.4e+38,14.3]
  fitting transformer.h.9.attn.av_matmul   (matmul)
    bank  1 tied scale=+0.02387 resid=5.7e-08
    bank  2 tied scale=+0.04774 resid=5.7e-08
    bank  3 tied scale=+0.09547 resid=5.7e-08
    bank  4 tied scale=+0.1909 resid=5.7e-08
    bank  5 tied scale=+0.3819 resid=5.7e-08
    bank  6 tied scale=+0.7638 resid=5.7e-08
    bank  7 tied scale=+1.528 resid=5.7e-08
    bank  1 tied scale=+0.02387 resid=5.7e-08
    bank  2 tied scale=+0.04774 resid=5.7e-08
    bank  3 tied scale=+0.09547 resid=5.7e-08
    bank  4 tied scale=+0.1909 resid=5.7e-08
    bank  5 tied scale=+0.3819 resid=5.7e-08
    bank  6 tied scale=+0.7638 resid=5.7e-08
    bank  7 tied scale=+1.528 resid=5.7e-08
    bank  8 tied scale=+3.055 resid=5.7e-08
    bank  9 tied scale=+6.11 resid=5.7e-08
  convert transformer.h.9.attn.av_matmul matmul     range=[0,1], [-6.39,6.69]
  reuse   transformer.h.9.ln_2             (layernorm: mbe_pasn)
  reuse   transformer.h.9.mlp.act          (activation: gelu_tanh)
  reuse   transformer.h.10.ln_1            (layernorm: mbe_pasn)
  fitting transformer.h.10.attn.qk_matmul  (matmul)
    bank  1 tied scale=+0.02387 resid=5.7e-08
    bank  2 tied scale=+0.04774 resid=5.7e-08
    bank  3 tied scale=+0.09547 resid=5.7e-08
    bank  4 tied scale=+0.1909 resid=5.7e-08
    bank  5 tied scale=+0.3819 resid=5.7e-08
    bank  6 tied scale=+0.7638 resid=5.7e-08
    bank  7 tied scale=+1.528 resid=5.7e-08
    bank  8 tied scale=+3.055 resid=5.7e-08
    bank  9 tied scale=+6.11 resid=5.7e-08
    bank 10 tied scale=+12.22 resid=5.7e-08
    bank  1 tied scale=+0.02387 resid=5.7e-08
    bank  2 tied scale=+0.04774 resid=5.7e-08
    bank  3 tied scale=+0.09547 resid=5.7e-08
    bank  4 tied scale=+0.1909 resid=5.7e-08
    bank  5 tied scale=+0.3819 resid=5.7e-08
    bank  6 tied scale=+0.7638 resid=5.7e-08
    bank  7 tied scale=+1.528 resid=5.7e-08
    bank  8 tied scale=+3.055 resid=5.7e-08
    bank  9 tied scale=+6.11 resid=5.7e-08
    bank 10 tied scale=+12.22 resid=5.7e-08
    bank 11 tied scale=+24.44 resid=5.7e-08
  convert transformer.h.10.attn.qk_matmul matmul     range=[-14.4,13.7], [-13,15.5]
  fitting transformer.h.10.attn.attn_softmax (softmax)
    bank  0/ 3 near0 s=+1       N=1 T=4 mse=3.04e-06
    bank  1/ 3 mag s=+1 e=-3    N=1 T=4 mse=3.63e-06
    bank  2/ 3 mag s=+1 e=-2    N=1 T=4 mse=1.89e-05
    bank  3/ 3 mag s=+1 e=-1    N=2 T=4 mse=1.50e-04
    bank  0/ 6 near0 s=+1       N=1 T=2 mse=4.94e-06
    bank  1/ 6 mag s=+1 e=-7    N=1 T=2 mse=4.65e-06
    bank  2/ 6 mag s=+1 e=-6    N=1 T=3 mse=4.32e-06
    bank  3/ 6 mag s=+1 e=-5    N=1 T=4 mse=3.89e-06
    bank  4/ 6 mag s=+1 e=-4    N=1 T=4 mse=1.07e-05
    bank  5/ 6 mag s=+1 e=-3    N=1 T=4 mse=2.34e-05
    bank  6/ 6 mag s=+1 e=-2    N=1 T=4 mse=3.78e-05
    bank  1 tied scale=+0.02387 resid=5.7e-08
    bank  2 tied scale=+0.04774 resid=5.7e-08
    bank  3 tied scale=+0.09547 resid=5.7e-08
    bank  4 tied scale=+0.1909 resid=5.7e-08
    bank  5 tied scale=+0.3819 resid=5.7e-08
    bank  6 tied scale=+0.7638 resid=5.7e-08
  convert transformer.h.10.attn.attn_softmax softmax    range=[-3.4e+38,12.8]
  fitting transformer.h.10.attn.av_matmul  (matmul)
    bank  1 tied scale=+0.02387 resid=5.7e-08
    bank  2 tied scale=+0.04774 resid=5.7e-08
    bank  3 tied scale=+0.09547 resid=5.7e-08
    bank  4 tied scale=+0.1909 resid=5.7e-08
    bank  5 tied scale=+0.3819 resid=5.7e-08
    bank  6 tied scale=+0.7638 resid=5.7e-08
    bank  7 tied scale=+1.528 resid=5.7e-08
    bank  1 tied scale=+0.02387 resid=5.7e-08
    bank  2 tied scale=+0.04774 resid=5.7e-08
    bank  3 tied scale=+0.09547 resid=5.7e-08
    bank  4 tied scale=+0.1909 resid=5.7e-08
    bank  5 tied scale=+0.3819 resid=5.7e-08
    bank  6 tied scale=+0.7638 resid=5.7e-08
    bank  7 tied scale=+1.528 resid=5.7e-08
    bank  8 tied scale=+3.055 resid=5.7e-08
    bank  9 tied scale=+6.11 resid=5.7e-08
  convert transformer.h.10.attn.av_matmul matmul     range=[0,1], [-5.92,5.33]
  reuse   transformer.h.10.ln_2            (layernorm: mbe_pasn)
  reuse   transformer.h.10.mlp.act         (activation: gelu_tanh)
  reuse   transformer.h.11.ln_1            (layernorm: mbe_pasn)
  fitting transformer.h.11.attn.qk_matmul  (matmul)
    bank  1 tied scale=+0.02387 resid=5.7e-08
    bank  2 tied scale=+0.04774 resid=5.7e-08
    bank  3 tied scale=+0.09547 resid=5.7e-08
    bank  4 tied scale=+0.1909 resid=5.7e-08
    bank  5 tied scale=+0.3819 resid=5.7e-08
    bank  6 tied scale=+0.7638 resid=5.7e-08
    bank  7 tied scale=+1.528 resid=5.7e-08
    bank  8 tied scale=+3.055 resid=5.7e-08
    bank  9 tied scale=+6.11 resid=5.7e-08
    bank 10 tied scale=+12.22 resid=5.7e-08
    bank  1 tied scale=+0.02387 resid=5.7e-08
    bank  2 tied scale=+0.04774 resid=5.7e-08
    bank  3 tied scale=+0.09547 resid=5.7e-08
    bank  4 tied scale=+0.1909 resid=5.7e-08
    bank  5 tied scale=+0.3819 resid=5.7e-08
    bank  6 tied scale=+0.7638 resid=5.7e-08
    bank  7 tied scale=+1.528 resid=5.7e-08
    bank  8 tied scale=+3.055 resid=5.7e-08
    bank  9 tied scale=+6.11 resid=5.7e-08
    bank 10 tied scale=+12.22 resid=5.7e-08
    bank 11 tied scale=+24.44 resid=5.7e-08
  convert transformer.h.11.attn.qk_matmul matmul     range=[-14.9,9.16], [-16.5,17.1]
  fitting transformer.h.11.attn.attn_softmax (softmax)
    bank  0/ 3 near0 s=+1       N=1 T=4 mse=3.04e-06
    bank  1/ 3 mag s=+1 e=-3    N=1 T=4 mse=3.63e-06
    bank  2/ 3 mag s=+1 e=-2    N=1 T=4 mse=1.89e-05
    bank  3/ 3 mag s=+1 e=-1    N=2 T=4 mse=1.50e-04
    bank  0/ 6 near0 s=+1       N=1 T=2 mse=4.94e-06
    bank  1/ 6 mag s=+1 e=-7    N=1 T=2 mse=4.65e-06
    bank  2/ 6 mag s=+1 e=-6    N=1 T=3 mse=4.32e-06
    bank  3/ 6 mag s=+1 e=-5    N=1 T=4 mse=3.89e-06
    bank  4/ 6 mag s=+1 e=-4    N=1 T=4 mse=1.07e-05
    bank  5/ 6 mag s=+1 e=-3    N=1 T=4 mse=2.34e-05
    bank  6/ 6 mag s=+1 e=-2    N=1 T=4 mse=3.78e-05
    bank  1 tied scale=+0.02387 resid=5.7e-08
    bank  2 tied scale=+0.04774 resid=5.7e-08
    bank  3 tied scale=+0.09547 resid=5.7e-08
    bank  4 tied scale=+0.1909 resid=5.7e-08
    bank  5 tied scale=+0.3819 resid=5.7e-08
    bank  6 tied scale=+0.7638 resid=5.7e-08
  convert transformer.h.11.attn.attn_softmax softmax    range=[-3.4e+38,17.2]
  fitting transformer.h.11.attn.av_matmul  (matmul)
    bank  1 tied scale=+0.02387 resid=5.7e-08
    bank  2 tied scale=+0.04774 resid=5.7e-08
    bank  3 tied scale=+0.09547 resid=5.7e-08
    bank  4 tied scale=+0.1909 resid=5.7e-08
    bank  5 tied scale=+0.3819 resid=5.7e-08
    bank  6 tied scale=+0.7638 resid=5.7e-08
    bank  7 tied scale=+1.528 resid=5.7e-08
    bank  1 tied scale=+0.02387 resid=5.7e-08
    bank  2 tied scale=+0.04774 resid=5.7e-08
    bank  3 tied scale=+0.09547 resid=5.7e-08
    bank  4 tied scale=+0.1909 resid=5.7e-08
    bank  5 tied scale=+0.3819 resid=5.7e-08
    bank  6 tied scale=+0.7638 resid=5.7e-08
    bank  7 tied scale=+1.528 resid=5.7e-08
    bank  8 tied scale=+3.055 resid=5.7e-08
    bank  9 tied scale=+6.11 resid=5.7e-08
  convert transformer.h.11.attn.av_matmul matmul     range=[0,1], [-5,5.71]
  reuse   transformer.h.11.ln_2            (layernorm: mbe_pasn)
  reuse   transformer.h.11.mlp.act         (activation: gelu_tanh)
  reuse   transformer.h.12.ln_1            (layernorm: mbe_pasn)
  fitting transformer.h.12.attn.qk_matmul  (matmul)
    bank  1 tied scale=+0.02387 resid=5.7e-08
    bank  2 tied scale=+0.04774 resid=5.7e-08
    bank  3 tied scale=+0.09547 resid=5.7e-08
    bank  4 tied scale=+0.1909 resid=5.7e-08
    bank  5 tied scale=+0.3819 resid=5.7e-08
    bank  6 tied scale=+0.7638 resid=5.7e-08
    bank  7 tied scale=+1.528 resid=5.7e-08
    bank  8 tied scale=+3.055 resid=5.7e-08
    bank  9 tied scale=+6.11 resid=5.7e-08
    bank 10 tied scale=+12.22 resid=5.7e-08
    bank  1 tied scale=+0.02387 resid=5.7e-08
    bank  2 tied scale=+0.04774 resid=5.7e-08
    bank  3 tied scale=+0.09547 resid=5.7e-08
    bank  4 tied scale=+0.1909 resid=5.7e-08
    bank  5 tied scale=+0.3819 resid=5.7e-08
    bank  6 tied scale=+0.7638 resid=5.7e-08
    bank  7 tied scale=+1.528 resid=5.7e-08
    bank  8 tied scale=+3.055 resid=5.7e-08
    bank  9 tied scale=+6.11 resid=5.7e-08
    bank 10 tied scale=+12.22 resid=5.7e-08
    bank 11 tied scale=+24.44 resid=5.7e-08
  convert transformer.h.12.attn.qk_matmul matmul     range=[-14.7,14.4], [-17.3,14.2]
  fitting transformer.h.12.attn.attn_softmax (softmax)
    bank  0/ 3 near0 s=+1       N=1 T=4 mse=3.04e-06
    bank  1/ 3 mag s=+1 e=-3    N=1 T=4 mse=3.63e-06
    bank  2/ 3 mag s=+1 e=-2    N=1 T=4 mse=1.89e-05
    bank  3/ 3 mag s=+1 e=-1    N=2 T=4 mse=1.50e-04
    bank  0/ 6 near0 s=+1       N=1 T=2 mse=4.94e-06
    bank  1/ 6 mag s=+1 e=-7    N=1 T=2 mse=4.65e-06
    bank  2/ 6 mag s=+1 e=-6    N=1 T=3 mse=4.32e-06
    bank  3/ 6 mag s=+1 e=-5    N=1 T=4 mse=3.89e-06
    bank  4/ 6 mag s=+1 e=-4    N=1 T=4 mse=1.07e-05
    bank  5/ 6 mag s=+1 e=-3    N=1 T=4 mse=2.34e-05
    bank  6/ 6 mag s=+1 e=-2    N=1 T=4 mse=3.78e-05
    bank  1 tied scale=+0.02387 resid=5.7e-08
    bank  2 tied scale=+0.04774 resid=5.7e-08
    bank  3 tied scale=+0.09547 resid=5.7e-08
    bank  4 tied scale=+0.1909 resid=5.7e-08
    bank  5 tied scale=+0.3819 resid=5.7e-08
    bank  6 tied scale=+0.7638 resid=5.7e-08
  convert transformer.h.12.attn.attn_softmax softmax    range=[-3.4e+38,18.5]
  fitting transformer.h.12.attn.av_matmul  (matmul)
    bank  1 tied scale=+0.02387 resid=5.7e-08
    bank  2 tied scale=+0.04774 resid=5.7e-08
    bank  3 tied scale=+0.09547 resid=5.7e-08
    bank  4 tied scale=+0.1909 resid=5.7e-08
    bank  5 tied scale=+0.3819 resid=5.7e-08
    bank  6 tied scale=+0.7638 resid=5.7e-08
    bank  7 tied scale=+1.528 resid=5.7e-08
    bank  1 tied scale=+0.02387 resid=5.7e-08
    bank  2 tied scale=+0.04774 resid=5.7e-08
    bank  3 tied scale=+0.09547 resid=5.7e-08
    bank  4 tied scale=+0.1909 resid=5.7e-08
    bank  5 tied scale=+0.3819 resid=5.7e-08
    bank  6 tied scale=+0.7638 resid=5.7e-08
    bank  7 tied scale=+1.528 resid=5.7e-08
    bank  8 tied scale=+3.055 resid=5.7e-08
    bank  9 tied scale=+6.11 resid=5.7e-08
  convert transformer.h.12.attn.av_matmul matmul     range=[0,1], [-6.18,5.78]
  reuse   transformer.h.12.ln_2            (layernorm: mbe_pasn)
  reuse   transformer.h.12.mlp.act         (activation: gelu_tanh)
  reuse   transformer.h.13.ln_1            (layernorm: mbe_pasn)
  fitting transformer.h.13.attn.qk_matmul  (matmul)
    bank  1 tied scale=+0.02387 resid=5.7e-08
    bank  2 tied scale=+0.04774 resid=5.7e-08
    bank  3 tied scale=+0.09547 resid=5.7e-08
    bank  4 tied scale=+0.1909 resid=5.7e-08
    bank  5 tied scale=+0.3819 resid=5.7e-08
    bank  6 tied scale=+0.7638 resid=5.7e-08
    bank  7 tied scale=+1.528 resid=5.7e-08
    bank  8 tied scale=+3.055 resid=5.7e-08
    bank  9 tied scale=+6.11 resid=5.7e-08
    bank 10 tied scale=+12.22 resid=5.7e-08
    bank  1 tied scale=+0.02387 resid=5.7e-08
    bank  2 tied scale=+0.04774 resid=5.7e-08
    bank  3 tied scale=+0.09547 resid=5.7e-08
    bank  4 tied scale=+0.1909 resid=5.7e-08
    bank  5 tied scale=+0.3819 resid=5.7e-08
    bank  6 tied scale=+0.7638 resid=5.7e-08
    bank  7 tied scale=+1.528 resid=5.7e-08
    bank  8 tied scale=+3.055 resid=5.7e-08
    bank  9 tied scale=+6.11 resid=5.7e-08
    bank 10 tied scale=+12.22 resid=5.7e-08
    bank 11 tied scale=+24.44 resid=5.7e-08
  convert transformer.h.13.attn.qk_matmul matmul     range=[-12.3,8.89], [-18.1,18]
  fitting transformer.h.13.attn.attn_softmax (softmax)
    bank  0/ 3 near0 s=+1       N=1 T=4 mse=3.04e-06
    bank  1/ 3 mag s=+1 e=-3    N=1 T=4 mse=3.63e-06
    bank  2/ 3 mag s=+1 e=-2    N=1 T=4 mse=1.89e-05
    bank  3/ 3 mag s=+1 e=-1    N=2 T=4 mse=1.50e-04
    bank  0/ 6 near0 s=+1       N=1 T=2 mse=4.94e-06
    bank  1/ 6 mag s=+1 e=-7    N=1 T=2 mse=4.65e-06
    bank  2/ 6 mag s=+1 e=-6    N=1 T=3 mse=4.32e-06
    bank  3/ 6 mag s=+1 e=-5    N=1 T=4 mse=3.89e-06
    bank  4/ 6 mag s=+1 e=-4    N=1 T=4 mse=1.07e-05
    bank  5/ 6 mag s=+1 e=-3    N=1 T=4 mse=2.34e-05
    bank  6/ 6 mag s=+1 e=-2    N=1 T=4 mse=3.78e-05
    bank  1 tied scale=+0.02387 resid=5.7e-08
    bank  2 tied scale=+0.04774 resid=5.7e-08
    bank  3 tied scale=+0.09547 resid=5.7e-08
    bank  4 tied scale=+0.1909 resid=5.7e-08
    bank  5 tied scale=+0.3819 resid=5.7e-08
    bank  6 tied scale=+0.7638 resid=5.7e-08
  convert transformer.h.13.attn.attn_softmax softmax    range=[-3.4e+38,15.8]
  fitting transformer.h.13.attn.av_matmul  (matmul)
    bank  1 tied scale=+0.02387 resid=5.7e-08
    bank  2 tied scale=+0.04774 resid=5.7e-08
    bank  3 tied scale=+0.09547 resid=5.7e-08
    bank  4 tied scale=+0.1909 resid=5.7e-08
    bank  5 tied scale=+0.3819 resid=5.7e-08
    bank  6 tied scale=+0.7638 resid=5.7e-08
    bank  7 tied scale=+1.528 resid=5.7e-08
    bank  1 tied scale=+0.02387 resid=5.7e-08
    bank  2 tied scale=+0.04774 resid=5.7e-08
    bank  3 tied scale=+0.09547 resid=5.7e-08
    bank  4 tied scale=+0.1909 resid=5.7e-08
    bank  5 tied scale=+0.3819 resid=5.7e-08
    bank  6 tied scale=+0.7638 resid=5.7e-08
    bank  7 tied scale=+1.528 resid=5.7e-08
    bank  8 tied scale=+3.055 resid=5.7e-08
    bank  9 tied scale=+6.11 resid=5.7e-08
  convert transformer.h.13.attn.av_matmul matmul     range=[0,1], [-5.92,5.59]
  reuse   transformer.h.13.ln_2            (layernorm: mbe_pasn)
  reuse   transformer.h.13.mlp.act         (activation: gelu_tanh)
  reuse   transformer.h.14.ln_1            (layernorm: mbe_pasn)
  fitting transformer.h.14.attn.qk_matmul  (matmul)
    bank  1 tied scale=+0.02387 resid=5.7e-08
    bank  2 tied scale=+0.04774 resid=5.7e-08
    bank  3 tied scale=+0.09547 resid=5.7e-08
    bank  4 tied scale=+0.1909 resid=5.7e-08
    bank  5 tied scale=+0.3819 resid=5.7e-08
    bank  6 tied scale=+0.7638 resid=5.7e-08
    bank  7 tied scale=+1.528 resid=5.7e-08
    bank  8 tied scale=+3.055 resid=5.7e-08
    bank  9 tied scale=+6.11 resid=5.7e-08
    bank 10 tied scale=+12.22 resid=5.7e-08
    bank  1 tied scale=+0.02387 resid=5.7e-08
    bank  2 tied scale=+0.04774 resid=5.7e-08
    bank  3 tied scale=+0.09547 resid=5.7e-08
    bank  4 tied scale=+0.1909 resid=5.7e-08
    bank  5 tied scale=+0.3819 resid=5.7e-08
    bank  6 tied scale=+0.7638 resid=5.7e-08
    bank  7 tied scale=+1.528 resid=5.7e-08
    bank  8 tied scale=+3.055 resid=5.7e-08
    bank  9 tied scale=+6.11 resid=5.7e-08
    bank 10 tied scale=+12.22 resid=5.7e-08
    bank 11 tied scale=+24.44 resid=5.7e-08
  convert transformer.h.14.attn.qk_matmul matmul     range=[-14.9,9.97], [-15.1,16.5]
  fitting transformer.h.14.attn.attn_softmax (softmax)
    bank  0/ 3 near0 s=+1       N=1 T=4 mse=3.04e-06
    bank  1/ 3 mag s=+1 e=-3    N=1 T=4 mse=3.63e-06
    bank  2/ 3 mag s=+1 e=-2    N=1 T=4 mse=1.89e-05
    bank  3/ 3 mag s=+1 e=-1    N=2 T=4 mse=1.50e-04
    bank  0/ 6 near0 s=+1       N=1 T=2 mse=4.94e-06
    bank  1/ 6 mag s=+1 e=-7    N=1 T=2 mse=4.65e-06
    bank  2/ 6 mag s=+1 e=-6    N=1 T=3 mse=4.32e-06
    bank  3/ 6 mag s=+1 e=-5    N=1 T=4 mse=3.89e-06
    bank  4/ 6 mag s=+1 e=-4    N=1 T=4 mse=1.07e-05
    bank  5/ 6 mag s=+1 e=-3    N=1 T=4 mse=2.34e-05
    bank  6/ 6 mag s=+1 e=-2    N=1 T=4 mse=3.78e-05
    bank  1 tied scale=+0.02387 resid=5.7e-08
    bank  2 tied scale=+0.04774 resid=5.7e-08
    bank  3 tied scale=+0.09547 resid=5.7e-08
    bank  4 tied scale=+0.1909 resid=5.7e-08
    bank  5 tied scale=+0.3819 resid=5.7e-08
    bank  6 tied scale=+0.7638 resid=5.7e-08
  convert transformer.h.14.attn.attn_softmax softmax    range=[-3.4e+38,15.1]
  fitting transformer.h.14.attn.av_matmul  (matmul)
    bank  1 tied scale=+0.02387 resid=5.7e-08
    bank  2 tied scale=+0.04774 resid=5.7e-08
    bank  3 tied scale=+0.09547 resid=5.7e-08
    bank  4 tied scale=+0.1909 resid=5.7e-08
    bank  5 tied scale=+0.3819 resid=5.7e-08
    bank  6 tied scale=+0.7638 resid=5.7e-08
    bank  7 tied scale=+1.528 resid=5.7e-08
    bank  1 tied scale=+0.02387 resid=5.7e-08
    bank  2 tied scale=+0.04774 resid=5.7e-08
    bank  3 tied scale=+0.09547 resid=5.7e-08
    bank  4 tied scale=+0.1909 resid=5.7e-08
    bank  5 tied scale=+0.3819 resid=5.7e-08
    bank  6 tied scale=+0.7638 resid=5.7e-08
    bank  7 tied scale=+1.528 resid=5.7e-08
    bank  8 tied scale=+3.055 resid=5.7e-08
    bank  9 tied scale=+6.11 resid=5.7e-08
  convert transformer.h.14.attn.av_matmul matmul     range=[0,1], [-6.91,6.73]
  reuse   transformer.h.14.ln_2            (layernorm: mbe_pasn)
  reuse   transformer.h.14.mlp.act         (activation: gelu_tanh)
  reuse   transformer.h.15.ln_1            (layernorm: mbe_pasn)
  fitting transformer.h.15.attn.qk_matmul  (matmul)
    bank  1 tied scale=+0.02387 resid=5.7e-08
    bank  2 tied scale=+0.04774 resid=5.7e-08
    bank  3 tied scale=+0.09547 resid=5.7e-08
    bank  4 tied scale=+0.1909 resid=5.7e-08
    bank  5 tied scale=+0.3819 resid=5.7e-08
    bank  6 tied scale=+0.7638 resid=5.7e-08
    bank  7 tied scale=+1.528 resid=5.7e-08
    bank  8 tied scale=+3.055 resid=5.7e-08
    bank  9 tied scale=+6.11 resid=5.7e-08
    bank 10 tied scale=+12.22 resid=5.7e-08
    bank  1 tied scale=+0.02387 resid=5.7e-08
    bank  2 tied scale=+0.04774 resid=5.7e-08
    bank  3 tied scale=+0.09547 resid=5.7e-08
    bank  4 tied scale=+0.1909 resid=5.7e-08
    bank  5 tied scale=+0.3819 resid=5.7e-08
    bank  6 tied scale=+0.7638 resid=5.7e-08
    bank  7 tied scale=+1.528 resid=5.7e-08
    bank  8 tied scale=+3.055 resid=5.7e-08
    bank  9 tied scale=+6.11 resid=5.7e-08
    bank 10 tied scale=+12.22 resid=5.7e-08
    bank 11 tied scale=+24.44 resid=5.7e-08
  convert transformer.h.15.attn.qk_matmul matmul     range=[-9.65,11.5], [-16.4,15.4]
  fitting transformer.h.15.attn.attn_softmax (softmax)
    bank  0/ 3 near0 s=+1       N=1 T=4 mse=3.04e-06
    bank  1/ 3 mag s=+1 e=-3    N=1 T=4 mse=3.63e-06
    bank  2/ 3 mag s=+1 e=-2    N=1 T=4 mse=1.89e-05
    bank  3/ 3 mag s=+1 e=-1    N=2 T=4 mse=1.50e-04
    bank  0/ 6 near0 s=+1       N=1 T=2 mse=4.94e-06
    bank  1/ 6 mag s=+1 e=-7    N=1 T=2 mse=4.65e-06
    bank  2/ 6 mag s=+1 e=-6    N=1 T=3 mse=4.32e-06
    bank  3/ 6 mag s=+1 e=-5    N=1 T=4 mse=3.89e-06
    bank  4/ 6 mag s=+1 e=-4    N=1 T=4 mse=1.07e-05
    bank  5/ 6 mag s=+1 e=-3    N=1 T=4 mse=2.34e-05
    bank  6/ 6 mag s=+1 e=-2    N=1 T=4 mse=3.78e-05
    bank  1 tied scale=+0.02387 resid=5.7e-08
    bank  2 tied scale=+0.04774 resid=5.7e-08
    bank  3 tied scale=+0.09547 resid=5.7e-08
    bank  4 tied scale=+0.1909 resid=5.7e-08
    bank  5 tied scale=+0.3819 resid=5.7e-08
    bank  6 tied scale=+0.7638 resid=5.7e-08
  convert transformer.h.15.attn.attn_softmax softmax    range=[-3.4e+38,13.7]
  fitting transformer.h.15.attn.av_matmul  (matmul)
    bank  1 tied scale=+0.02387 resid=5.7e-08
    bank  2 tied scale=+0.04774 resid=5.7e-08
    bank  3 tied scale=+0.09547 resid=5.7e-08
    bank  4 tied scale=+0.1909 resid=5.7e-08
    bank  5 tied scale=+0.3819 resid=5.7e-08
    bank  6 tied scale=+0.7638 resid=5.7e-08
    bank  7 tied scale=+1.528 resid=5.7e-08
    bank  1 tied scale=+0.02387 resid=5.7e-08
    bank  2 tied scale=+0.04774 resid=5.7e-08
    bank  3 tied scale=+0.09547 resid=5.7e-08
    bank  4 tied scale=+0.1909 resid=5.7e-08
    bank  5 tied scale=+0.3819 resid=5.7e-08
    bank  6 tied scale=+0.7638 resid=5.7e-08
    bank  7 tied scale=+1.528 resid=5.7e-08
    bank  8 tied scale=+3.055 resid=5.7e-08
    bank  9 tied scale=+6.11 resid=5.7e-08
  convert transformer.h.15.attn.av_matmul matmul     range=[0,1], [-6.72,6.64]
  reuse   transformer.h.15.ln_2            (layernorm: mbe_pasn)
  reuse   transformer.h.15.mlp.act         (activation: gelu_tanh)
  reuse   transformer.h.16.ln_1            (layernorm: mbe_pasn)
  fitting transformer.h.16.attn.qk_matmul  (matmul)
    bank  1 tied scale=+0.02387 resid=5.7e-08
    bank  2 tied scale=+0.04774 resid=5.7e-08
    bank  3 tied scale=+0.09547 resid=5.7e-08
    bank  4 tied scale=+0.1909 resid=5.7e-08
    bank  5 tied scale=+0.3819 resid=5.7e-08
    bank  6 tied scale=+0.7638 resid=5.7e-08
    bank  7 tied scale=+1.528 resid=5.7e-08
    bank  8 tied scale=+3.055 resid=5.7e-08
    bank  9 tied scale=+6.11 resid=5.7e-08
    bank 10 tied scale=+12.22 resid=5.7e-08
    bank 11 tied scale=+24.44 resid=5.7e-08
    bank  1 tied scale=+0.02387 resid=5.7e-08
    bank  2 tied scale=+0.04774 resid=5.7e-08
    bank  3 tied scale=+0.09547 resid=5.7e-08
    bank  4 tied scale=+0.1909 resid=5.7e-08
    bank  5 tied scale=+0.3819 resid=5.7e-08
    bank  6 tied scale=+0.7638 resid=5.7e-08
    bank  7 tied scale=+1.528 resid=5.7e-08
    bank  8 tied scale=+3.055 resid=5.7e-08
    bank  9 tied scale=+6.11 resid=5.7e-08
    bank 10 tied scale=+12.22 resid=5.7e-08
    bank 11 tied scale=+24.44 resid=5.7e-08
  convert transformer.h.16.attn.qk_matmul matmul     range=[-11.3,15.5], [-15.2,15.4]
  fitting transformer.h.16.attn.attn_softmax (softmax)
    bank  0/ 3 near0 s=+1       N=1 T=4 mse=3.04e-06
    bank  1/ 3 mag s=+1 e=-3    N=1 T=4 mse=3.63e-06
    bank  2/ 3 mag s=+1 e=-2    N=1 T=4 mse=1.89e-05
    bank  3/ 3 mag s=+1 e=-1    N=2 T=4 mse=1.50e-04
    bank  0/ 6 near0 s=+1       N=1 T=2 mse=4.94e-06
    bank  1/ 6 mag s=+1 e=-7    N=1 T=2 mse=4.65e-06
    bank  2/ 6 mag s=+1 e=-6    N=1 T=3 mse=4.32e-06
    bank  3/ 6 mag s=+1 e=-5    N=1 T=4 mse=3.89e-06
    bank  4/ 6 mag s=+1 e=-4    N=1 T=4 mse=1.07e-05
    bank  5/ 6 mag s=+1 e=-3    N=1 T=4 mse=2.34e-05
    bank  6/ 6 mag s=+1 e=-2    N=1 T=4 mse=3.78e-05
    bank  1 tied scale=+0.02387 resid=5.7e-08
    bank  2 tied scale=+0.04774 resid=5.7e-08
    bank  3 tied scale=+0.09547 resid=5.7e-08
    bank  4 tied scale=+0.1909 resid=5.7e-08
    bank  5 tied scale=+0.3819 resid=5.7e-08
    bank  6 tied scale=+0.7638 resid=5.7e-08
  convert transformer.h.16.attn.attn_softmax softmax    range=[-3.4e+38,13.9]
  fitting transformer.h.16.attn.av_matmul  (matmul)
    bank  1 tied scale=+0.02387 resid=5.7e-08
    bank  2 tied scale=+0.04774 resid=5.7e-08
    bank  3 tied scale=+0.09547 resid=5.7e-08
    bank  4 tied scale=+0.1909 resid=5.7e-08
    bank  5 tied scale=+0.3819 resid=5.7e-08
    bank  6 tied scale=+0.7638 resid=5.7e-08
    bank  7 tied scale=+1.528 resid=5.7e-08
